"periodo","codice_struttura","denominazione_struttura","num_totale_ricoveri","num_dimissioni_volontarie","num_totale_dimissioni","num_trasferimenti_fra_strutture","num_ricoveri_ripetuti","num_ritorni_in_sala_operatoria","num_di_ricoveri_di_tipo_chirurgico"
"2010","030004-00","OSPEDALE DI CIRCOLO - BUSTO ARSIZIO","23103","38","8348","22","862","49","3706"
"2010","030006-00","OSP. S. ANTONIO ABATE - GALLARATE","18719","83","7416","55","566","30","2662"
"2010","030008-00","OSP. GENERALE PROVINCIALE - SARONNO","15559","71","7006","24","645","50","2501"
"2010","030009-00","OSP. CIRCOLO A.BELLINI - SOMMA LOMBARDO","2858","14","1012","4","35","0","2"
"2010","030010-00","OSPEDALE DI CIRCOLO GALMARINI - TRADATE","10640","22","4124","18","326","11","2049"
"2010","030012-00","OSPEDALE CARLO ONDOLI - ANGERA","4612","20","2232","15","134","4","709"
"2010","030015-00","CASA DI CURA SANTA MARIA - CASTELLANZA","6960","5","3232","15","183","15","2083"
"2010","030017-00","CASA DI CURA MATER DOMINI - CASTELLANZA","7790","19","4295","21","308","37","2727"
"2010","030022-00","OSPEDALE S. ANTONIO ABATE - CANTU'","7686","16","2756","18","198","13","1065"
"2010","030024-00","OSPEDALE DI CIRCOLO""S.L.MANDIC""- MERATE","12357","75","5610","19","446","13","1859"
"2010","030026-00","OSPEDALE ERBA-  RENALDI - MENAGGIO","2705","6","1398","12","93","3","547"
"2010","030029-00","OSP.SACRA FAMIGLIA - F.B.F. - ERBA","8795","14","3913","42","287","16","1726"
"2010","030030-00","OSP.GENERALE DI ZONA VALDUCE - COMO","13387","17","4486","24","351","21","1190"
"2010","030031-00","OSP. MORIGGIA PELASCINI - GRAVEDONA","8040","86","4269","25","455","18","2020"
"2010","030032-00","IST.CLINICO VILLA APRICA SPA-COMO","5953","12","3956","12","125","4","3242"
"2010","030033-00","CASA DI CURA BEATO L.TALAMONI-LECCO","2381","2","1546","9","54","0","767"
"2010","030034-00","CASA DI CURA G.B. MANGIONI - LECCO","3371","2","1165","9","37","1","751"
"2010","030035-00","C.O.F. LANZO HOSPITAL S.P.A.","3631","2","1086","2","33","3","1026"
"2010","030042-00","OSPEDALE CIVILE - SONDRIO","13708","82","5760","28","413","40","2887"
"2010","030044-00","OSPEDALE GENERALE DI ZONA - CHIAVENNA","2811","13","1347","9","70","7","544"
"2010","030045-00","OSPEDALE CIVILE - MORBEGNO","2172","10","1116","4","44","0","369"
"2010","030051-00","P.O.  CITTA' DI SESTO S. GIOVANNI","9725","36","3800","10","257","5","1748"
"2010","030056-00","PRESIDIO OSPED. V. BUZZI - MILANO","16775","0","227","0","7","0","186"
"2010","030057-00","PRESIDIO OSPED. MACEDONIO MELLONI-MILANO","10693","37","530","0","12","0","6"
"2010","030058-00","OSPEDALE BASSINI - CINISELLO BALSAMO","12607","56","5207","31","389","40","2832"
"2010","030066-00","OSPEDALE G.SALVINI-GARBAGNATE MIL.SE","11421","92","4977","33","320","12","1915"
"2010","030067-00","OSPEDALE MAGGIORE - LODI","15237","31","6017","43","492","28","2594"
"2010","030068-00","PRESIDIO OSPEDALIERO DI DESIO","18991","80","7242","42","686","35","3070"
"2010","030070-00","PRESIDIO OSPEDALIERO DI CARATE ","10667","18","3406","22","178","16","1589"
"2010","030071-00","OSPEDALE S. MARIA DELLE STELLE MELZO","7262","28","3037","17","146","10","1340"
"2010","030072-00","OSPEDALE DI CIRCOLO PREDABISSI-MELEGNANO","14670","79","7314","86","987","29","2300"
"2010","030073-00","OSPEDALE DI CIRCOLO - RHO","12185","73","5051","69","439","33","2162"
"2010","030074-00","OSPEDALE CIVILE G. FORNAROLI - MAGENTA","19366","44","6290","29","609","80","2704"
"2010","030075-00","OSPEDALE DI CIRC. C.CANTU'-ABBIATEGRASSO","3546","28","2664","16","208","9","1108"
"2010","030077-00","OSPEDALE CROTTA OLTROCCHI-VAPRIO D'ADDA","1329","9","1203","17","54","5","409"
"2010","030078-00","PRESIDIO OSPEDALIERO DI VIMERCATE","19453","90","8491","46","675","45","3505"
"2010","030079-00","OSPEDALE CIVICO - CODOGNO","6474","32","2541","38","178","16","970"
"2010","030080-00","OSPEDALE CIVICO ROSSI - CASALPUSTERLENGO","2247","4","1045","3","171","0","19"
"2010","030081-00","PRESIDIO OSPEDALIERO DI GIUSSANO","4980","39","3723","26","166","7","1829"
"2010","030085-00","CAUSA PIA OSPITALIERA UBOLDO-CERNUSCO SN","6735","53","3144","72","175","10","1245"
"2010","030087-00","OSPEDALE CADUTI BOLLATESI - BOLLATE","5708","50","1828","9","69","13","803"
"2010","030097-00","ISTITUTO CLINICO CITTA' STUDI -  MILANO","12447","99","6006","45","503","261","3457"
"2010","030100-00","CASA DI CURA IGEA - MILANO","4013","25","2532","5","151","7","1638"
"2010","030103-00","CASA DI CURA PALAZZOLO-FOND.DON GNOCCHI","1107","5","437","6","10",,"0"
"2010","030104-00","CASA DI CURA S.RAFFAELE TURRO","5910","13","1778","2","168","6","900"
"2010","030106-00","POLICLINICO DI MONZA - CASA DI CURA PRIV","9469","22","4724","10","251","15","3489"
"2010","030107-00","ISTITUTI CLINICI ZUCCHI SPA-MONZA","8188","6","3399","13","223","12","2995"
"2010","030110-00","CASA DI CURA S. GIOVANNI - MILANO","1938","0","1486","2","12","0","1432"
"2010","030112-00","IST.CLINICO S.AMBROGIO SPA-MILANO","6471","10","3788","11","398","44","2934"
"2010","030116-00","CLINICA SAN CARLO - PADERNO DUGNANO","5286","22","3292","14","136","26","1711"
"2010","030118-00","EUKOS SPA/CASA DI CURA S.CARLO-  MILANO","2962","16","2114","15","60","1","1572"
"2010","030119-00","IST.CLINICO S.SIRO SPA-MILANO","4050","1","1836","3","41","3","1697"
"2010","030121-00","CASA DI CURA S. PIO X - MILANO","8515","3","2051","4","152","12","1477"
"2010","030125-00","CASA DI CURA AMBROSIANA SPA-CESANO B.","2799","0","1293","14","26","6","888"
"2010","030129-00","OSPED. DI CIRCOLO SERBELLONI-GORGONZOLA","1769","3","633","1","116","0","8"
"2010","030131-00","OSPEDALE DI TREVIGLIO E CARAVAGGIO","17214","71","6488","23","522","59","2974"
"2010","030132-00","OSPEDALE CIVILE - S.GIOVANNI BIANCO","4874","60","2771","51","145","7","874"
"2010","030133-00","OSPEDALE PESENTI FENAROLI - ALZANO L.","9259","29","3532","12","209","14","1259"
"2010","030134-00","OSPEDALE F. M. PASSI - CALCINATE","3929","20","1698","9","50","4","741"
"2010","030137-00","OSPEDALE SS.CAPITANIO E GEROSA - LOVERE","2783","9","1932","6","93","2","1057"
"2010","030138-00","OSPEDALE SS.TRINITA'-ROMANO DI LOMBARDIA","6102","21","4184","21","303","5","1837"
"2010","030140-00","OSPEDALE BOLOGNINI - SERIATE","13121","45","5971","52","415","74","3345"
"2010","030143-00","CLINICHE GAVAZZENI SPA - BERGAMO","13720","25","7685","29","605","109","5335"
"2010","030144-00","CASA DI CURA BEATO PALAZZOLO - BERGAMO","3666","5","1671","15","46","3","981"
"2010","030145-00","CASA DI CURA CASTELLI - BERGAMO","4506","3","1793","7","92","14","1193"
"2010","030146-00","CASA DI CURA S. FRANCESCO - BERGAMO","4341","21","3001","9","48","4","1684"
"2010","030147-00","POLICLINICO SAN MARCO S.R.L.-OSIO SOTTO","11933","61","7091","41","590","36","3147"
"2010","030148-00","POLICLINICO SAN PIETRO S.P.A.","13609","54","5801","143","311","41","3192"
"2010","030154-00","PRESIDIO OSPEDALIERO DI CHIARI","12751","54","6694","36","576","40","2512"
"2010","030156-00","OSPEDALE DI DESENZANO","14549","87","6142","38","625","28","2882"
"2010","030157-00","OSPEDALE CIVILE LA MEMORIA DI GAVARDO","8589","55","4926","25","410","14","1609"
"2010","030159-00","P.O. MONTICHIARI- A.O. SPEDALI CIVILI","6732","36","3561","14","289","10","1113"
"2010","030162-00","PRESIDIO OSPEDALIERO GARDONE V.T.","6228","57","3867","8","337","11","1143"
"2010","030163-00","PRESIDIO OSPEDALIERO DI ISEO","5945","39","2786","18","202","6","949"
"2010","030167-00","OSPEDALE DEI BAMBINI UMBERTO I - BRESCIA","13912","19","865","2","32","1","507"
"2010","030171-00","OSPEDALE S. ORSOLA F.B.F. - BRESCIA","9797","22","3174","23","301","14","1229"
"2010","030175-00","CASA DI CURA S. CAMILLO - BRESCIA","3309","3","1637","12","66","0","948"
"2010","030176-00","CASA DI CURA S. ANNA - BRESCIA","15801","63","7523","28","709","25","3930"
"2010","030177-00","CASA DI CURA VILLA GEMMA-GARDONE RIVIERA","1414","5","374","2","6",,"0"
"2010","030178-00","IST.CLIN. CITTA' DI BRESCIA SPA-BRESCIA","13590","27","5236","31","327","11","3568"
"2010","030184-00","OSPEDALE DI MANERBIO","13805","31","6097","26","511","27","2630"
"2010","030190-00","OSPEDALE CARLO MIRA-CASORATE PRIMO","1770","10","765","8","39","0","4"
"2010","030191-00","OSPEDALE S.MARTINO - MEDE","2335","53","1562","10","152","1","217"
"2010","030192-00","OSPEDALE SS.ANNUNZIATA - VARZI","1414","19","1061","3","65","5","295"
"2010","030193-00","OSPEDALE CIVILE - VIGEVANO","10437","81","5296","46","429","45","2216"
"2010","030194-00","OSPEDALE CIVILE - VOGHERA","13287","159","6340","34","480","17","2299"
"2010","030198-00","CASA DI CURA BEATO MATTEO","7942","25","3571","12","246","10","2016"
"2010","030199-00","CASA DI CURA S. MARIA GRAZIE","577","0","370","1","21","0","367"
"2010","030201-00","CASA DI CURA CITTADELLA SOCIALE","1101","2","506","2","19","1","352"
"2010","030202-00","IST.DI CURA CITTA'DI PAVIA","4575","3","1881","26","120","3","1334"
"2010","030203-00","OSPEDALE ASILO VITTORIA - MORTARA","4190","51","1797","5","113","4","416"
"2010","030209-00","OSPEDALE MAGGIORE - CREMA","18152","37","6696","24","753","30","2985"
"2010","030218-00","CASA DI CURA S. CAMILLO - CREMONA","3149","12","1405","1","71","6","1044"
"2010","030219-00","CASA DI CURA FIGLIE DI S.CAMILLO-CREMONA","5099","15","1885","13","91","8","1118"
"2010","030227-00","PRESIDIO OSPEDALIERO - ASOLA","5411","19","1585","11","128","5","514"
"2010","030239-00","OSP.CIVILE DESTRA SECCHIA-PIEVE CORIANO","8043","16","3432","3","313","26","1265"
"2010","030259-00","CASA DI CURA S. CLEMENTE - MANTOVA","3250","11","1778","4","88","8","867"
"2010","030273-00","PRESIDIO OSPEDALIERO OGLIO PO","8698","50","4062","23","339","16","1161"
"2010","030274-00","OSPEDALE VALCAMONICA - ESINE","12772","106","6035","95","502","22","2172"
"2010","030275-00","ISTITUTO CLINICO S. ROCCO S.P.A.","7694","9","3932","12","216","28","2911"
"2010","030281-00","OSPEDALE DI LEGNANO E CUGGIONO-LEGNANO","25717","36","11585","77","963","189","5511"
"2010","030282-00","PRESIDIO OSPEDALIERO DEL VERBANO","9498","28","4922","5","290","15","1870"
"2010","030295-00","POLIAMBULANZA - BRESCIA","23453","48","11491","47","1278","76","7070"
"2010","030350-00","OSPEDALE S.ISIDORO - TRESCORE B.","1494","19","460","3","7",,"0"
"2010","030355-00","OSPEDALE DI SUZZARA S.P.A.","5906","46","2821","12","207","9","1177"
"2010","030357-00","OSP. SAN PELLEGRINO - CASTIGLIONE D/S","5290","31","3806","16","288","21","1853"
"2010","030367-00","OSPEDALE S. GIUSEPPE - MILANO","11377","40","3119","33","239","19","1588"
"2010","030379-00","HABILITA ISTITUTO CLINICO OSPEDALE DI SARNICO","1874","5","699","7","88","0","2"
"2010","030382-00","OSPEDALE M. O. ANTONIO LOCATELLI","5345","19","3144","9","144","14","1536"
"2010","030383-00","NUOVO OSPEDALE DI BRONI E STRADELLA ","5602","84","2986","10","209","12","981"
"2010","030901-00","OSPEDALE DI CIRCOLO E FONDAZIONE MACCHI","29320","64","12535","43","1205","138","7863"
"2010","030902-00","OSPEDALE S. ANNA - COMO","25906","68","7772","65","816","109","4142"
"2010","030903-00","OSPEDALE DI CIRCOLO ""A. MANZONI"" - LECCO","24286","63","9910","64","1002","96","4667"
"2010","030904-00","OSPEDALE MORELLI - SONDALO","10607","56","4094","23","236","44","2130"
"2010","030905-00","OSPEDALE PAPA GIOVANNI XXIII","50142","92","14624","141","1288","164","8669"
"2010","030906-00","PRES.OSPEDAL.SPEDALI CIVILI BRESCIA","61514","206","24531","273","3057","200","10016"
"2010","030907-00","PRESIDIO OSPEDALIERO ""C. POMA"" - MANTOVA","26031","41","8191","12","966","96","3855"
"2010","030908-00","ISTITUTI OSPITALIERI - CREMONA","26606","97","10300","74","1385","83","4048"
"2010","030909-00","OSPEDALE S.GERARDO - MONZA","37525","77","13506","90","1212","181","7833"
"2010","030910-00","OSPEDALE FATEBENEFRATELLI E OFTALMICO","16140","145","6645","56","707","36","3136"
"2010","030911-00","ISTITUTO ORTOPEDICO GAETANO PINI","13968","67","6570","20","482","34","5494"
"2010","030912-00","P.O. CENTRO TRAUMATOLOGICO ORTOPEDICO","5862","2","1542","3","108","6","1289"
"2010","030913-00","OSPEDALE CA' GRANDA-NIGUARDA - MILANO","46535","151","14505","92","1762","249","6380"
"2010","030914-00","OSPEDALE S. PAOLO - MILANO","30153","132","9462","63","1014","63","3147"
"2010","030915-00","OSPEDALE S. CARLO BORROMEO - MILANO","22239","162","9251","49","893","104","3336"
"2010","030916-00","OSPEDALE L. SACCO - MILANO","24198","49","7674","28","669","84","3822"
"2010","030922-00","FOND.IRCCS ""ISTIT.NAZ.LE TUMORI""MILANO","23330","44","4791","2","903","32","2327"
"2010","030923-00","FOND.IRCCS IST.NAZ.NEUROLOGICO C.BESTA","7838","9","1877","6","187","22","909"
"2010","030924-00","OSPEDALE POLICLINICO S. MATTEO - PAVIA","51729","149","14193","111","1544","190","7258"
"2010","030925-00","FONDAZ.IRCCS CA' GRANDA - OSPEDALE MAGGIORE POLICLINICO","62735","90","9030","78","772","76","4106"
"2010","030934-00","CENTRO CARDIOLOGICO SPA ""FOND. MONZINO""","8312","11","5395","6","637","73","3294"
"2010","030935-00","IRCCS    S. RAFFAELE - MILANO","49071","107","14504","87","1494","110","7333"
"2010","030936-00","IST.AUXOLOGICO ITALIANO","5553","17","1977","10","114","4","402"
"2010","030938-00","FOND.MAUGERI-CENTRO MEDICO DI PAVIA","11183","1","3452","10","587","14","1786"
"2010","030939-00","FOND.IST.NEUROL.C.MONDINO-PAVIA","4456","19","2052","2","140","0","9"
"2010","030941-00","ISTITUTO EUROPEO DI ONCOLOGIA-MILANO","18041","3","2720","2","440","18","1767"
"2010","030943-00","IST. CLIN. HUMANITAS - ROZZANO","40793","56","11719","45","1326","123","7336"
"2010","030946-00","ISTITUTO ORTOPEDICO GALEAZZI SPA","17316","7","8630","11","332","6","7911"
"2010","030947-00","I.R.C.C.S. POLICLINICO SAN DONATO","15267","55","9710","50","1201","87","5392"
"2010","030948-00","CASA DI CURA MULTIMEDICA  S.P.A.","9486","20","5003","41","615","74","3371"
"2011","030004-00","OSPEDALE DI CIRCOLO - BUSTO ARSIZIO","23220","41","8140","25","737","47","3630"
"2011","030006-00","OSP. S. ANTONIO ABATE - GALLARATE","19240","97","7519","44","547","40","2850"
"2011","030008-00","OSP. GENERALE PROVINCIALE - SARONNO","15534","49","6849","17","598","27","2458"
"2011","030009-00","OSP. CIRCOLO A.BELLINI - SOMMA LOMBARDO","2836","20","1028","2","43","0","2"
"2011","030010-00","OSPEDALE DI CIRCOLO GALMARINI - TRADATE","10056","24","3846","13","256","14","2030"
"2011","030012-00","OSPEDALE CARLO ONDOLI - ANGERA","4332","13","2142","12","106","2","710"
"2011","030015-00","CASA DI CURA SANTA MARIA - CASTELLANZA","7372","7","2848","12","185","14","1927"
"2011","030017-00","CASA DI CURA MATER DOMINI - CASTELLANZA","7293","11","4294","12","273","32","2745"
"2011","030022-00","OSPEDALE S. ANTONIO ABATE - CANTU'","6655","20","2385","23","141","12","847"
"2011","030024-00","OSPEDALE DI CIRCOLO""S.L.MANDIC""- MERATE","11853","64","5257","21","403","28","1902"
"2011","030026-00","OSPEDALE ERBA-  RENALDI - MENAGGIO","2651","14","1365","16","82","7","551"
"2011","030029-00","OSP.SACRA FAMIGLIA - F.B.F. - ERBA","8672","19","3788","44","313","14","1803"
"2011","030030-00","OSP.GENERALE DI ZONA VALDUCE - COMO","13174","15","4396","15","360","14","1242"
"2011","030031-00","OSP. MORIGGIA PELASCINI - GRAVEDONA","7959","63","4122","24","449","23","1833"
"2011","030032-00","IST.CLINICO VILLA APRICA SPA-COMO","6016","13","3964","10","142","9","3230"
"2011","030033-00","CASA DI CURA BEATO L.TALAMONI-LECCO","2261","3","1445","9","38","0","692"
"2011","030034-00","CASA DI CURA G.B. MANGIONI - LECCO","3353","3","986","6","26","1","688"
"2011","030035-00","C.O.F. LANZO HOSPITAL S.P.A.","3632","1","1128","0","17","1","1076"
"2011","030042-00","OSPEDALE CIVILE - SONDRIO","13694","65","6023","36","422","50","2905"
"2011","030044-00","OSPEDALE GENERALE DI ZONA - CHIAVENNA","2675","11","1359","4","72","5","546"
"2011","030045-00","OSPEDALE CIVILE - MORBEGNO","1338","1","435","0","11","0","1"
"2011","030051-00","P.O.  CITTA' DI SESTO S. GIOVANNI","9577","31","3339","10","199","10","1427"
"2011","030056-00","PRESIDIO OSPED. V. BUZZI - MILANO","16165","0","214","0","7","0","175"
"2011","030057-00","PRESIDIO OSPED. MACEDONIO MELLONI-MILANO","10353","29","519","2","18","0","4"
"2011","030058-00","OSPEDALE BASSINI - CINISELLO BALSAMO","12315","42","5134","28","373","35","2741"
"2011","030066-00","OSPEDALE G.SALVINI-GARBAGNATE MIL.SE","11174","100","5128","39","359","26","1920"
"2011","030067-00","OSPEDALE MAGGIORE - LODI","15062","46","6001","34","498","29","2465"
"2011","030068-00","PRESIDIO OSPEDALIERO DI DESIO","18918","85","7171","42","671","55","3099"
"2011","030070-00","PRESIDIO OSPEDALIERO DI CARATE ","10619","27","3452","26","195","20","1581"
"2011","030071-00","OSPEDALE S. MARIA DELLE STELLE MELZO","6559","32","2748","7","137","12","1177"
"2011","030072-00","OSPEDALE DI CIRCOLO PREDABISSI-MELEGNANO","13187","85","6920","78","704","38","2285"
"2011","030073-00","OSPEDALE DI CIRCOLO - RHO","11767","77","4893","63","414","52","2034"
"2011","030074-00","OSPEDALE CIVILE G. FORNAROLI - MAGENTA","18312","45","5958","18","499","87","2655"
"2011","030209-00","OSPEDALE MAGGIORE - CREMA","17392","42","6940","21","767","38","3049"
"2011","030075-00","OSPEDALE DI CIRC. C.CANTU'-ABBIATEGRASSO","3473","23","2649","5","218","20","1052"
"2011","030077-00","OSPEDALE CROTTA OLTROCCHI-VAPRIO D'ADDA","1497","26","1218","13","55","6","417"
"2011","030078-00","PRESIDIO OSPEDALIERO DI VIMERCATE","18648","50","7791","30","624","66","3478"
"2011","030079-00","OSPEDALE CIVICO - CODOGNO","6038","31","2695","48","171","18","982"
"2011","030080-00","OSPEDALE CIVICO ROSSI - CASALPUSTERLENGO","2080","5","863","0","149","1","26"
"2011","030081-00","PRESIDIO OSPEDALIERO DI GIUSSANO","4984","53","3771","24","190","14","1803"
"2011","030085-00","CAUSA PIA OSPITALIERA UBOLDO-CERNUSCO SN","6198","45","2943","58","189","7","1159"
"2011","030087-00","OSPEDALE CADUTI BOLLATESI - BOLLATE","5717","30","1490","11","49","8","684"
"2011","030097-00","ISTITUTO CLINICO CITTA' STUDI -  MILANO","12417","79","6475","70","502","235","4099"
"2011","030100-00","CASA DI CURA IGEA - MILANO","4303","32","2990","6","183","12","1924"
"2011","030103-00","CASA DI CURA PALAZZOLO-FOND.DON GNOCCHI","1222","7","424","9","15",,"0"
"2011","030104-00","CASA DI CURA S.RAFFAELE TURRO","6270","9","2000","3","184","5","891"
"2011","030106-00","POLICLINICO DI MONZA - CASA DI CURA PRIV","9973","18","4919","11","278","28","3863"
"2011","030107-00","ISTITUTI CLINICI ZUCCHI SPA-MONZA","8465","3","3203","2","248","11","2876"
"2011","030110-00","CASA DI CURA S. GIOVANNI - MILANO","2126","0","1440","1","8","0","1412"
"2011","030112-00","IST.CLINICO S.AMBROGIO SPA-MILANO","6218","19","3710","12","338","39","2932"
"2011","030116-00","CLINICA SAN CARLO - PADERNO DUGNANO","5456","22","3496","20","164","26","1894"
"2011","030118-00","EUKOS SPA/CASA DI CURA S.CARLO-  MILANO","1185","6","617","3","9","0","496"
"2011","030119-00","IST.CLINICO S.SIRO SPA-MILANO","3842","3","1709","0","20","0","1698"
"2011","030121-00","CASA DI CURA S. PIO X - MILANO","8876","6","2267","2","156","10","1726"
"2011","030125-00","CASA DI CURA AMBROSIANA SPA-CESANO B.","2622","0","1104","2","28","4","846"
"2011","030129-00","OSPED. DI CIRCOLO SERBELLONI-GORGONZOLA","1614","5","638","1","118","1","8"
"2011","030131-00","OSPEDALE DI TREVIGLIO E CARAVAGGIO","16351","66","6374","30","495","57","3034"
"2011","030132-00","OSPEDALE CIVILE - S.GIOVANNI BIANCO","4681","69","2669","52","117","8","844"
"2011","030133-00","OSPEDALE PESENTI FENAROLI - ALZANO L.","9167","35","3642","10","234","12","1328"
"2011","030134-00","OSPEDALE F. M. PASSI - CALCINATE","3536","11","1651","8","38","3","722"
"2011","030137-00","OSPEDALE SS.CAPITANIO E GEROSA - LOVERE","3303","18","2398","5","127","6","1133"
"2011","030138-00","OSPEDALE SS.TRINITA'-ROMANO DI LOMBARDIA","5783","26","4072","20","242","6","1791"
"2011","030140-00","OSPEDALE BOLOGNINI - SERIATE","12572","40","5667","53","403","125","3209"
"2011","030143-00","CLINICHE GAVAZZENI SPA - BERGAMO","14153","31","8096","31","561","85","5390"
"2011","030144-00","CASA DI CURA BEATO PALAZZOLO - BERGAMO","3499","3","1666","13","25","2","976"
"2011","030145-00","CASA DI CURA CASTELLI - BERGAMO","4585","9","1941","5","101","13","1334"
"2011","030146-00","CASA DI CURA S. FRANCESCO - BERGAMO","4531","19","3075","7","55","5","1702"
"2011","030147-00","POLICLINICO SAN MARCO S.R.L.-OSIO SOTTO","12292","38","6299","54","495","26","2846"
"2011","030148-00","POLICLINICO SAN PIETRO S.P.A.","13557","42","6025","137","351","34","3432"
"2011","030154-00","PRESIDIO OSPEDALIERO DI CHIARI","12337","40","6630","33","502","36","2720"
"2011","030156-00","OSPEDALE DI DESENZANO","14056","91","6087","17","523","23","2981"
"2011","030157-00","OSPEDALE CIVILE LA MEMORIA DI GAVARDO","8107","49","4651","29","378","20","1597"
"2011","030159-00","P.O. MONTICHIARI- A.O. SPEDALI CIVILI","6476","39","3508","4","246","6","1120"
"2011","030162-00","PRESIDIO OSPEDALIERO GARDONE V.T.","5924","34","4072","4","369","15","1213"
"2011","030163-00","PRESIDIO OSPEDALIERO DI ISEO","5523","21","2679","31","169","6","807"
"2011","030167-00","OSPEDALE DEI BAMBINI UMBERTO I - BRESCIA","12277","6","841","0","29","1","456"
"2011","030171-00","OSPEDALE S. ORSOLA F.B.F. - BRESCIA","8817","24","2704","56","193","7","980"
"2011","030175-00","CASA DI CURA S. CAMILLO - BRESCIA","3084","2","1552","11","70","1","893"
"2011","030176-00","CASA DI CURA S. ANNA - BRESCIA","15297","54","7356","18","481","20","3991"
"2011","030177-00","CASA DI CURA VILLA GEMMA-GARDONE RIVIERA","1426","4","401","4","5",,"0"
"2011","030178-00","IST.CLIN. CITTA' DI BRESCIA SPA-BRESCIA","13092","19","5433","25","290","10","3684"
"2011","030184-00","OSPEDALE DI MANERBIO","12812","26","5629","28","467","32","2538"
"2011","030190-00","OSPEDALE CARLO MIRA-CASORATE PRIMO","1675","14","767","4","37","0","1"
"2011","030191-00","OSPEDALE S.MARTINO - MEDE","2305","64","1528","4","125","2","255"
"2011","030192-00","OSPEDALE SS.ANNUNZIATA - VARZI","1366","18","1069","4","83","2","276"
"2011","030193-00","OSPEDALE CIVILE - VIGEVANO","9691","72","4954","34","365","53","2209"
"2011","030194-00","OSPEDALE CIVILE - VOGHERA","13124","162","6169","28","426","10","2290"
"2011","030198-00","CASA DI CURA BEATO MATTEO","8147","20","3473","9","256","16","2067"
"2011","030199-00","CASA DI CURA S. MARIA GRAZIE","592","0","416","0","11","0","413"
"2011","030201-00","CASA DI CURA CITTADELLA SOCIALE","1026","2","435","5","23","0","316"
"2011","030202-00","IST.DI CURA CITTA'DI PAVIA","4725","6","1970","34","166","3","1288"
"2011","030203-00","OSPEDALE ASILO VITTORIA - MORTARA","3869","49","1570","9","91","7","419"
"2011","030218-00","CASA DI CURA S. CAMILLO - CREMONA","3286","2","1450","2","71","5","1102"
"2011","030219-00","CASA DI CURA FIGLIE DI S.CAMILLO-CREMONA","4858","9","1826","14","88","8","1132"
"2011","030227-00","PRESIDIO OSPEDALIERO - ASOLA","5174","17","1522","5","150","8","525"
"2011","030239-00","OSP.CIVILE DESTRA SECCHIA-PIEVE CORIANO","7847","11","3337","4","304","14","1247"
"2011","030259-00","CASA DI CURA S. CLEMENTE - MANTOVA","3518","8","1828","4","67","7","912"
"2011","030273-00","PRESIDIO OSPEDALIERO OGLIO PO","8174","43","3952","10","335","22","1153"
"2011","030274-00","OSPEDALE VALCAMONICA - ESINE","12087","114","5745","72","380","20","2126"
"2011","030275-00","ISTITUTO CLINICO S. ROCCO S.P.A.","7576","15","3881","17","202","20","2907"
"2011","030281-00","OSPEDALE DI LEGNANO E CUGGIONO-LEGNANO","26806","48","11299","77","934","171","5672"
"2011","030282-00","PRESIDIO OSPEDALIERO DEL VERBANO","9470","44","4829","7","240","24","1912"
"2011","030295-00","POLIAMBULANZA - BRESCIA","24163","41","11724","40","848","77","7396"
"2011","030350-00","OSPEDALE S.ISIDORO - TRESCORE B.","1389","8","404","3","14",,"0"
"2011","030355-00","OSPEDALE DI SUZZARA S.P.A.","6055","34","2582","3","181","14","1121"
"2011","030357-00","OSP. SAN PELLEGRINO - CASTIGLIONE D/S","5250","29","3807","15","268","16","2047"
"2011","030367-00","OSPEDALE S. GIUSEPPE - MILANO","12778","33","3565","28","239","19","1822"
"2011","030379-00","HABILITA ISTITUTO CLINICO OSPEDALE DI SARNICO","1771","9","735","10","93",,"0"
"2011","030382-00","OSPEDALE M. O. ANTONIO LOCATELLI","5283","34","3008","17","141","13","1417"
"2011","030383-00","NUOVO OSPEDALE DI BRONI E STRADELLA ","5617","60","2966","8","218","13","1014"
"2011","030389-00","PRESIDIO UNICO CAPITANIO -SAN CARLO","2788","9","1420","6","32","1","1231"
"2011","030901-00","OSPEDALE DI CIRCOLO E FONDAZIONE MACCHI","29659","52","12186","32","1118","150","7554"
"2011","030902-00","OSPEDALE S. ANNA - COMO","25541","54","8060","54","843","115","4372"
"2011","030903-00","OSPEDALE DI CIRCOLO ""A. MANZONI"" - LECCO","24274","54","10002","55","960","114","4713"
"2011","030904-00","OSPEDALE MORELLI - SONDALO","10192","55","3876","24","255","50","2062"
"2011","030905-00","OSPEDALE PAPA GIOVANNI XXIII","49863","64","13413","116","1124","202","8256"
"2011","030906-00","PRES.OSPEDAL.SPEDALI CIVILI BRESCIA","58312","204","24026","278","2724","221","9966"
"2011","030907-00","PRESIDIO OSPEDALIERO ""C. POMA"" - MANTOVA","25699","45","8058","21","807","105","3789"
"2011","030908-00","ISTITUTI OSPITALIERI - CREMONA","26059","81","10151","83","1140","66","4130"
"2011","030909-00","OSPEDALE S.GERARDO - MONZA","34196","77","12083","61","936","186","7102"
"2011","030910-00","OSPEDALE FATEBENEFRATELLI E OFTALMICO","15868","137","6451","43","720","43","3014"
"2011","030911-00","ISTITUTO ORTOPEDICO GAETANO PINI","13688","76","6933","8","393","22","5960"
"2011","030912-00","P.O. CENTRO TRAUMATOLOGICO ORTOPEDICO","5831","11","1638","2","80","7","1286"
"2011","030913-00","OSPEDALE CA' GRANDA-NIGUARDA - MILANO","48128","125","14902","78","1765","253","6725"
"2011","030914-00","OSPEDALE S. PAOLO - MILANO","29317","100","8602","40","864","79","3202"
"2011","030915-00","OSPEDALE S. CARLO BORROMEO - MILANO","22461","137","9407","50","889","81","3437"
"2011","030916-00","OSPEDALE L. SACCO - MILANO","24732","38","7908","29","599","115","3994"
"2011","030922-00","FOND.IRCCS ""ISTIT.NAZ.LE TUMORI""MILANO","22094","15","4724","3","670","29","2322"
"2011","030923-00","FOND.IRCCS IST.NAZ.NEUROLOGICO C.BESTA","7842","5","2204","14","211","18","1004"
"2011","030924-00","OSPEDALE POLICLINICO S. MATTEO - PAVIA","50462","100","14245","80","1592","181","7455"
"2011","030925-00","FONDAZ.IRCCS CA' GRANDA - OSPEDALE MAGGIORE POLICLINICO","61249","119","9027","57","758","85","3969"
"2011","030934-00","CENTRO CARDIOLOGICO SPA ""FOND. MONZINO""","8085","15","5200","8","522","97","3143"
"2011","030935-00","IRCCS    S. RAFFAELE - MILANO","49247","104","14467","90","1535","130","7061"
"2011","030936-00","IST.AUXOLOGICO ITALIANO","5663","10","1660","9","104","3","448"
"2011","030938-00","FOND.MAUGERI-CENTRO MEDICO DI PAVIA","10698","9","3369","10","428","5","1752"
"2011","030939-00","FOND.IST.NEUROL.C.MONDINO-PAVIA","4393","13","1938","1","90","0","10"
"2011","030941-00","ISTITUTO EUROPEO DI ONCOLOGIA-MILANO","18202","0","2962","0","306","26","1881"
"2011","030943-00","IST. CLIN. HUMANITAS - ROZZANO","40170","43","11406","28","1079","142","7351"
"2011","030946-00","ISTITUTO ORTOPEDICO GALEAZZI SPA","17267","6","8367","6","277","10","7729"
"2011","030947-00","I.R.C.C.S. POLICLINICO SAN DONATO","15180","66","9798","32","1162","79","5577"
"2011","030948-00","CASA DI CURA MULTIMEDICA  S.P.A.","9218","24","4678","50","515","114","3264"
"2012","030004-00","OSPEDALE DI CIRCOLO - BUSTO ARSIZIO","21625","50","8325","25","765","36","3936"
"2012","030006-00","OSP. S. ANTONIO ABATE - GALLARATE","17481","96","7512","41","591","42","3025"
"2012","030008-00","OSP. GENERALE PROVINCIALE - SARONNO","14676","57","6767","26","603","37","2452"
"2012","030009-00","OSP. CIRCOLO A.BELLINI - SOMMA LOMBARDO","2137","18","868","2","43","0","6"
"2012","030010-00","OSPEDALE DI CIRCOLO GALMARINI - TRADATE","9568","33","3829","20","264","15","1960"
"2012","030012-00","OSPEDALE CARLO ONDOLI - ANGERA","4319","38","2132","11","123","2","687"
"2012","030015-00","CASA DI CURA SANTA MARIA - CASTELLANZA","5802","6","2017","17","131","9","1375"
"2012","030017-00","CASA DI CURA MATER DOMINI - CASTELLANZA","7177","9","4314","21","285","39","2906"
"2012","030022-00","OSPEDALE S. ANTONIO ABATE - CANTU'","6094","28","2386","14","145","23","969"
"2012","030024-00","OSPEDALE DI CIRCOLO""S.L.MANDIC""- MERATE","10920","35","4932","24","322","22","1821"
"2012","030026-00","OSPEDALE ERBA-  RENALDI - MENAGGIO","2320","19","1338","19","84","5","530"
"2012","030029-00","OSP.SACRA FAMIGLIA - F.B.F. - ERBA","8336","10","3755","28","267","18","1859"
"2012","030030-00","OSP.GENERALE DI ZONA VALDUCE - COMO","11202","18","3918","10","271","14","1516"
"2012","030031-00","OSP. MORIGGIA PELASCINI - GRAVEDONA","7215","55","3962","18","455","23","1717"
"2012","030032-00","IST.CLINICO VILLA APRICA SPA-COMO","5704","9","3719","9","118","4","3102"
"2012","030033-00","CASA DI CURA BEATO L.TALAMONI-LECCO","2213","10","1373","9","49","0","637"
"2012","030034-00","CASA DI CURA G.B. MANGIONI - LECCO","3063","0","917","5","12","1","685"
"2012","030035-00","C.O.F. LANZO HOSPITAL S.P.A.","3347","1","1011","1","32","0","953"
"2012","030042-00","OSPEDALE CIVILE - SONDRIO","12802","54","6264","25","395","35","3160"
"2012","030044-00","OSPEDALE GENERALE DI ZONA - CHIAVENNA","2613","12","1367","8","75","2","593"
"2012","030045-00","OSPEDALE CIVILE - MORBEGNO","888","3","382","1","12","0","1"
"2012","030051-00","P.O.  CITTA' DI SESTO S. GIOVANNI","8169","37","3185","12","222","8","1388"
"2012","030056-00","PRESIDIO OSPED. V. BUZZI - MILANO","16141","0","224","0","9","0","195"
"2012","030057-00","PRESIDIO OSPED. MACEDONIO MELLONI-MILANO","9525","31","532","2","25","0","4"
"2012","030058-00","OSPEDALE BASSINI - CINISELLO BALSAMO","11159","53","4950","21","352","33","2577"
"2012","030066-00","OSPEDALE G.SALVINI-GARBAGNATE MIL.SE","11951","106","5447","31","353","19","2047"
"2012","030067-00","OSPEDALE MAGGIORE - LODI","13633","35","5843","41","464","26","2317"
"2012","030068-00","PRESIDIO OSPEDALIERO DI DESIO","17252","42","7233","52","619","46","3135"
"2012","030070-00","PRESIDIO OSPEDALIERO DI CARATE ","9862","20","3341","15","188","23","1447"
"2012","030071-00","OSPEDALE S. MARIA DELLE STELLE MELZO","5675","18","2336","7","120","13","1157"
"2012","030072-00","OSPEDALE DI CIRCOLO PREDABISSI-MELEGNANO","12412","76","6458","83","512","37","2357"
"2012","030073-00","OSPEDALE DI CIRCOLO - RHO","11113","67","4975","83","372","48","2108"
"2012","030074-00","OSPEDALE CIVILE G. FORNAROLI - MAGENTA","16708","27","6059","22","456","84","2744"
"2012","030075-00","OSPEDALE DI CIRC. C.CANTU'-ABBIATEGRASSO","3198","19","2787","12","207","14","1238"
"2012","030077-00","OSPEDALE CROTTA OLTROCCHI-VAPRIO D'ADDA","1654","20","1190","7","42","6","462"
"2012","030078-00","PRESIDIO OSPEDALIERO DI VIMERCATE","18110","57","7484","24","621","67","3465"
"2012","030079-00","OSPEDALE CIVICO - CODOGNO","5744","23","2877","47","207","16","1043"
"2012","030080-00","OSPEDALE CIVICO ROSSI - CASALPUSTERLENGO","1539","6","823","0","90","0","21"
"2012","030081-00","PRESIDIO OSPEDALIERO DI GIUSSANO","4200","25","2988","18","133","6","1411"
"2012","030085-00","CAUSA PIA OSPITALIERA UBOLDO-CERNUSCO SN","6121","45","2951","49","167","12","1262"
"2012","030087-00","OSPEDALE CADUTI BOLLATESI - BOLLATE","4235","32","1529","5","76","12","617"
"2012","030097-00","ISTITUTO CLINICO CITTA' STUDI -  MILANO","12523","81","6180","46","467","248","3732"
"2012","030100-00","CASA DI CURA IGEA - MILANO","4016","27","2779","15","148","10","1821"
"2012","030103-00","CASA DI CURA PALAZZOLO-FOND.DON GNOCCHI","1474","9","517","3","20","0","1"
"2012","030104-00","CASA DI CURA S.RAFFAELE TURRO","5913","4","2173","1","186","6","1053"
"2012","030106-00","POLICLINICO DI MONZA - CASA DI CURA PRIV","9231","16","4583","3","231","20","3641"
"2012","030107-00","ISTITUTI CLINICI ZUCCHI SPA-MONZA","8002","5","3034","5","227","15","2803"
"2012","030110-00","CASA DI CURA S. GIOVANNI - MILANO","2147","0","1409","0","5","0","1377"
"2012","030112-00","IST.CLINICO S.AMBROGIO SPA-MILANO","5648","13","3710","11","310","51","2912"
"2012","030116-00","CLINICA SAN CARLO - PADERNO DUGNANO","4973","12","3459","22","144","38","2003"
"2012","030119-00","IST.CLINICO S.SIRO SPA-MILANO","4031","0","2139","4","30","5","2010"
"2012","030121-00","CASA DI CURA S. PIO X - MILANO","8362","3","2146","3","113","8","1763"
"2012","030125-00","CASA DI CURA AMBROSIANA SPA-CESANO B.","2300","2","1078","13","16","7","853"
"2012","030129-00","OSPED. DI CIRCOLO SERBELLONI-GORGONZOLA","944","2","630","0","112","0","17"
"2012","030131-00","OSPEDALE DI TREVIGLIO E CARAVAGGIO","15493","77","6940","19","511","56","3228"
"2012","030132-00","OSPEDALE CIVILE - S.GIOVANNI BIANCO","4631","55","2676","17","110","8","858"
"2012","030133-00","OSPEDALE PESENTI FENAROLI - ALZANO L.","9327","20","3544","10","265","16","1312"
"2012","030134-00","OSPEDALE F. M. PASSI - CALCINATE","3815","15","1377","6","58","1","642"
"2012","030137-00","OSPEDALE SS.CAPITANIO E GEROSA - LOVERE","3217","20","2269","4","109","6","1246"
"2012","030138-00","OSPEDALE SS.TRINITA'-ROMANO DI LOMBARDIA","5038","27","3696","7","196","3","1665"
"2012","030140-00","OSPEDALE BOLOGNINI - SERIATE","12221","27","5571","44","365","84","3113"
"2012","030143-00","CLINICHE GAVAZZENI SPA - BERGAMO","13433","35","8043","35","546","97","5336"
"2012","030144-00","CASA DI CURA BEATO PALAZZOLO - BERGAMO","3296","3","1566","12","41","1","872"
"2012","030145-00","CASA DI CURA CASTELLI - BERGAMO","4083","7","1744","3","85","6","1218"
"2012","030146-00","CASA DI CURA S. FRANCESCO - BERGAMO","4250","27","2933","10","36","6","1599"
"2012","030147-00","POLICLINICO SAN MARCO S.R.L.-OSIO SOTTO","11627","40","6336","38","512","34","3084"
"2012","030148-00","POLICLINICO SAN PIETRO S.P.A.","12679","36","5511","130","287","30","2913"
"2012","030154-00","PRESIDIO OSPEDALIERO DI CHIARI","12377","38","6685","39","529","35","2710"
"2012","030156-00","OSPEDALE DI DESENZANO","12679","35","5721","13","483","23","2980"
"2012","030157-00","OSPEDALE CIVILE LA MEMORIA DI GAVARDO","7504","36","4656","25","320","10","1785"
"2012","030159-00","P.O. MONTICHIARI- A.O. SPEDALI CIVILI","5487","46","3323","7","245","4","1089"
"2012","030162-00","PRESIDIO OSPEDALIERO GARDONE V.T.","5047","44","3990","5","380","10","1178"
"2012","030163-00","PRESIDIO OSPEDALIERO DI ISEO","5164","41","2603","15","140","7","870"
"2012","030167-00","OSPEDALE DEI BAMBINI UMBERTO I - BRESCIA","10420","7","831","0","18","1","470"
"2012","030171-00","OSPEDALE S. ORSOLA F.B.F. - BRESCIA","2935","12","1442","16","66","8","622"
"2012","030175-00","CASA DI CURA S. CAMILLO - BRESCIA","3108","3","1603","7","59","2","997"
"2012","030176-00","CASA DI CURA S. ANNA - BRESCIA","14617","51","7339","22","490","19","4193"
"2012","030177-00","CASA DI CURA VILLA GEMMA-GARDONE RIVIERA","1430","3","366","4","7","0","1"
"2012","030178-00","IST.CLIN. CITTA' DI BRESCIA SPA-BRESCIA","12680","31","5315","29","289","6","3593"
"2012","030184-00","OSPEDALE DI MANERBIO","11655","28","5411","30","423","38","2660"
"2012","030190-00","OSPEDALE CARLO MIRA-CASORATE PRIMO","1492","9","729","1","27","0","4"
"2012","030191-00","OSPEDALE S.MARTINO - MEDE","2001","42","1411","9","73","0","270"
"2012","030192-00","OSPEDALE SS.ANNUNZIATA - VARZI","1225","7","1032","3","61","3","307"
"2012","030193-00","OSPEDALE CIVILE - VIGEVANO","9499","80","5048","37","331","47","2238"
"2012","030194-00","OSPEDALE CIVILE - VOGHERA","12817","114","6443","51","408","31","2313"
"2012","030198-00","CASA DI CURA BEATO MATTEO","7026","31","3613","7","244","13","2228"
"2012","030199-00","CASA DI CURA S. MARIA GRAZIE","561","0","373","0","4","0","369"
"2012","030201-00","CASA DI CURA CITTADELLA SOCIALE","1043","0","309","0","7","1","259"
"2012","030202-00","IST.DI CURA CITTA'DI PAVIA","5027","4","1859","56","107","3","1405"
"2012","030203-00","OSPEDALE ASILO VITTORIA - MORTARA","3089","17","1438","2","74","5","438"
"2012","030209-00","OSPEDALE MAGGIORE - CREMA","16248","35","7066","24","796","37","3032"
"2012","030218-00","CASA DI CURA S. CAMILLO - CREMONA","3142","2","1391","4","66","5","1108"
"2012","030219-00","CASA DI CURA FIGLIE DI S.CAMILLO-CREMONA","4668","7","1808","10","69","6","1131"
"2012","030227-00","PRESIDIO OSPEDALIERO - ASOLA","4690","9","1433","5","101","13","504"
"2012","030239-00","OSP.CIVILE DESTRA SECCHIA-PIEVE CORIANO","7308","16","2994","0","240","8","1139"
"2012","030259-00","CASA DI CURA S. CLEMENTE - MANTOVA","3663","5","1815","5","46","3","959"
"2012","030273-00","PRESIDIO OSPEDALIERO OGLIO PO","7536","56","3755","19","308","20","1103"
"2012","030274-00","OSPEDALE VALCAMONICA - ESINE","11846","90","5703","67","427","21","2119"
"2012","030275-00","ISTITUTO CLINICO S. ROCCO S.P.A.","7494","19","3681","14","186","21","2747"
"2012","030281-00","OSPEDALE DI LEGNANO E CUGGIONO-LEGNANO","24678","40","11588","67","949","148","5711"
"2012","030282-00","PRESIDIO OSPEDALIERO DEL VERBANO","9053","47","4734","8","230","24","1858"
"2012","030295-00","POLIAMBULANZA - BRESCIA","27836","65","12945","28","831","74","8212"
"2012","030350-00","OSPEDALE S.ISIDORO - TRESCORE B.","1204","5","333","5","12","0","1"
"2012","030355-00","OSPEDALE DI SUZZARA S.P.A.","6243","19","2401","5","115","11","1102"
"2012","030357-00","OSP. SAN PELLEGRINO - CASTIGLIONE D/S","4549","30","3579","16","224","15","1922"
"2012","030367-00","OSPEDALE S. GIUSEPPE - MILANO","12993","37","3960","27","263","17","2033"
"2012","030379-00","HABILITA ISTITUTO CLINICO OSPEDALE DI SARNICO","1473","13","756","5","111",,"0"
"2012","030382-00","OSPEDALE M. O. ANTONIO LOCATELLI","4829","30","2648","11","111","7","1234"
"2012","030383-00","NUOVO OSPEDALE DI BRONI E STRADELLA ","5182","28","2710","15","158","10","957"
"2012","030389-00","PRESIDIO UNICO CAPITANIO -SAN CARLO","4067","2","1940","0","74","4","1867"
"2012","030901-00","OSPEDALE DI CIRCOLO E FONDAZIONE MACCHI","27633","64","12420","37","1128","153","7417"
"2012","030902-00","OSPEDALE S. ANNA - COMO","23546","41","7953","38","771","146","4378"
"2012","030903-00","OSPEDALE DI CIRCOLO ""A. MANZONI"" - LECCO","22885","43","10148","60","983","106","4905"
"2012","030904-00","OSPEDALE MORELLI - SONDALO","8543","42","3675","29","215","37","1913"
"2012","030905-00","OSPEDALE PAPA GIOVANNI XXIII","43243","50","12693","105","1029","171","7739"
"2012","030906-00","PRES.OSPEDAL.SPEDALI CIVILI BRESCIA","51271","237","24157","215","2678","191","9934"
"2012","030907-00","PRESIDIO OSPEDALIERO ""C. POMA"" - MANTOVA","23166","42","7542","24","697","93","3710"
"2012","030908-00","ISTITUTI OSPITALIERI - CREMONA","24443","88","9935","73","1136","71","4253"
"2012","030909-00","OSPEDALE S.GERARDO - MONZA","27738","56","11274","47","926","151","6271"
"2012","030910-00","OSPEDALE FATEBENEFRATELLI E OFTALMICO","12739","125","6450","31","659","63","3002"
"2012","030911-00","ISTITUTO ORTOPEDICO GAETANO PINI","12284","60","7073","23","403","28","6033"
"2012","030912-00","P.O. CENTRO TRAUMATOLOGICO ORTOPEDICO","3718","13","1662","7","70","6","1304"
"2012","030913-00","OSPEDALE CA' GRANDA-NIGUARDA - MILANO","41475","110","15416","89","1761","255","6693"
"2012","030914-00","OSPEDALE S. PAOLO - MILANO","26868","80","8633","37","865","70","3202"
"2012","030915-00","OSPEDALE S. CARLO BORROMEO - MILANO","20294","134","8835","40","789","85","3415"
"2012","030916-00","OSPEDALE L. SACCO - MILANO","20888","26","7730","31","640","127","4037"
"2012","030922-00","FOND.IRCCS ""ISTIT.NAZ.LE TUMORI""MILANO","21679","9","4914","1","761","40","2538"
"2012","030923-00","FOND.IRCCS IST.NAZ.NEUROLOGICO C.BESTA","6734","5","2219","6","187","19","956"
"2012","030924-00","OSPEDALE POLICLINICO S. MATTEO - PAVIA","44196","100","14207","102","1507","193","7738"
"2012","030925-00","FONDAZ.IRCCS CA' GRANDA - OSPEDALE MAGGIORE POLICLINICO","46695","99","8641","64","710","63","3902"
"2012","030934-00","CENTRO CARDIOLOGICO SPA ""FOND. MONZINO""","8031","10","5274","8","527","91","3288"
"2012","030935-00","IRCCS    S. RAFFAELE - MILANO","45607","117","14885","73","1560","139","7367"
"2012","030936-00","IST.AUXOLOGICO ITALIANO","3852","15","1768","17","126","10","435"
"2012","030938-00","FOND.MAUGERI-CENTRO MEDICO DI PAVIA","8337","11","3440","5","449","7","1770"
"2012","030939-00","FOND.IST.NEUROL.C.MONDINO-PAVIA","4139","12","1944","0","134","0","8"
"2012","030941-00","ISTITUTO EUROPEO DI ONCOLOGIA-MILANO","16955","2","2975","2","304","34","1904"
"2012","030943-00","IST. CLIN. HUMANITAS - ROZZANO","37455","41","11066","43","938","145","7128"
"2012","030946-00","ISTITUTO ORTOPEDICO GALEAZZI SPA","16363","9","7727","8","285","10","7190"
"2012","030947-00","I.R.C.C.S. POLICLINICO SAN DONATO","14525","43","9728","33","943","69","5390"
"2012","030948-00","CASA DI CURA MULTIMEDICA  S.P.A.","8135","26","4347","22","513","88","3039"
"2013","030004-00","OSPEDALE DI CIRCOLO - BUSTO ARSIZIO","19645","43","8168","22","958","33","3833"
"2013","030006-00","OSP. S. ANTONIO ABATE - GALLARATE","17104","92","7791","46","990","32","3171"
"2013","030008-00","OSP. GENERALE PROVINCIALE - SARONNO","12921","63","6780","20","828","30","2531"
"2013","030009-00","OSP. CIRCOLO A.BELLINI - SOMMA LOMBARDO","1829","24","845","2","149","0","2"
"2013","030010-00","OSPEDALE DI CIRCOLO GALMARINI - TRADATE","8573","19","3667","13","363","19","1816"
"2013","030012-00","OSPEDALE CARLO ONDOLI - ANGERA","4264","28","2170","6","203","2","744"
"2013","030015-00","CASA DI CURA SANTA MARIA - CASTELLANZA","5834","3","1921","6","174","7","1441"
"2013","030017-00","CASA DI CURA MATER DOMINI - CASTELLANZA","7179","15","4462","29","439","17","2935"
"2013","030022-00","OSPEDALE S. ANTONIO ABATE - CANTU'","5476","15","2316","10","209","12","1002"
"2013","030024-00","OSPEDALE DI CIRCOLO""S.L.MANDIC""- MERATE","10791","31","5120","13","598","27","1837"
"2013","030026-00","OSPEDALE ERBA-  RENALDI - MENAGGIO","2271","14","1368","17","143","2","577"
"2013","030029-00","OSP.SACRA FAMIGLIA - F.B.F. - ERBA","8282","15","3717","39","373","26","1868"
"2013","030030-00","OSP.GENERALE DI ZONA VALDUCE - COMO","10813","15","4112","15","514","12","1624"
"2013","030031-00","OSP. MORIGGIA PELASCINI - GRAVEDONA","7500","30","3915","16","606","22","1583"
"2013","030032-00","IST.CLINICO VILLA APRICA SPA-COMO","6249","8","3908","9","189","6","3273"
"2013","030033-00","CASA DI CURA BEATO L.TALAMONI-LECCO","2311","3","1330","11","88","0","560"
"2013","030034-00","CASA DI CURA G.B. MANGIONI - LECCO","3271","0","891","1","16","1","872"
"2013","030035-00","C.O.F. LANZO HOSPITAL S.P.A.","3518","1","1045","2","52","1","1009"
"2013","030042-00","OSPEDALE CIVILE - SONDRIO","12059","45","6047","49","617","31","3045"
"2013","030044-00","OSPEDALE GENERALE DI ZONA - CHIAVENNA","2336","13","1246","8","118","3","568"
"2013","030045-00","OSPEDALE CIVILE - MORBEGNO","750","0","395","1","47","0","1"
"2013","030051-00","P.O.  CITTA' DI SESTO S. GIOVANNI","7766","48","2631","8","233","7","924"
"2013","030056-00","PRESIDIO OSPED. V. BUZZI - MILANO","15643","3","229","0","13","0","196"
"2013","030057-00","PRESIDIO OSPED. MACEDONIO MELLONI-MILANO","8848","19","544","2","82","0","4"
"2013","030058-00","OSPEDALE BASSINI - CINISELLO BALSAMO","11050","37","5172","28","529","34","2793"
"2013","030066-00","OSPEDALE G.SALVINI-GARBAGNATE MIL.SE","11871","93","5352","26","492","23","2040"
"2013","030067-00","OSPEDALE MAGGIORE - LODI","13788","36","6238","33","811","27","2422"
"2013","030068-00","PRESIDIO OSPEDALIERO DI DESIO","16703","40","7376","39","804","52","3349"
"2013","030070-00","PRESIDIO OSPEDALIERO DI CARATE","9663","30","3331","12","308","18","1539"
"2013","030071-00","OSPEDALE S. MARIA DELLE STELLE MELZO","5338","18","2229","13","183","17","1074"
"2013","030072-00","OSPEDALE DI CIRCOLO PREDABISSI-MELEGNANO","12498","52","6605","75","887","37","2412"
"2013","030073-00","OSPEDALE DI CIRCOLO - RHO","10847","53","5107","50","539","51","2244"
"2013","030074-00","OSPEDALE CIVILE G. FORNAROLI - MAGENTA","16087","18","5935","24","693","96","2824"
"2013","030075-00","OSPEDALE DI CIRC. C.CANTU'-ABBIATEGRASSO","3339","24","2842","10","361","28","1257"
"2013","030077-00","OSPEDALE CROTTA OLTROCCHI-VAPRIO D'ADDA","1616","18","1146","13","107","0","468"
"2013","030078-00","PRESIDIO OSPEDALIERO DI VIMERCATE","17669","37","7962","28","914","64","3678"
"2013","030079-00","OSPEDALE CIVICO - CODOGNO","5776","23","2946","28","443","10","1103"
"2013","030080-00","OSPEDALE CIVICO ROSSI - CASALPUSTERLENGO","1451","1","720","0","159","0","19"
"2013","030081-00","PRESIDIO OSPEDALIERO DI GIUSSANO","3330","25","2127","12","248","2","979"
"2013","030085-00","CAUSA PIA OSPITALIERA UBOLDO-CERNUSCO SN","6069","33","2936","61","338","7","1217"
"2013","030087-00","OSPEDALE CADUTI BOLLATESI - BOLLATE","3643","30","1471","14","137","5","583"
"2013","030097-00","ISTITUTO CLINICO CITTA' STUDI -  MILANO","12731","82","6079","38","685","288","3534"
"2013","030100-00","CASA DI CURA IGEA - MILANO","3934","26","2361","15","231","5","1469"
"2013","030103-00","CASA DI CURA PALAZZOLO-FOND.DON GNOCCHI","1473","11","548","10","74",,"0"
"2013","030104-00","CASA DI CURA S.RAFFAELE TURRO","5563","11","2100","2","199","8","1094"
"2013","030106-00","POLICLINICO DI MONZA - CASA DI CURA PRIV","9456","12","4870","11","297","15","3757"
"2013","030107-00","ISTITUTI CLINICI ZUCCHI SPA-MONZA","8707","2","3230","0","296","10","3133"
"2013","030110-00","CASA DI CURA S. GIOVANNI - MILANO","2085","0","1380","0","13","0","1344"
"2013","030112-00","IST.CLINICO S.AMBROGIO SPA-MILANO","5024","7","3392","12","339","100","2747"
"2013","030116-00","CLINICA SAN CARLO - PADERNO DUGNANO","5338","20","3499","14","229","30","2055"
"2013","030119-00","IST.CLINICO S.SIRO SPA-MILANO","4555","1","2071","0","49","3","2057"
"2013","030121-00","CASA DI CURA S. PIO X - MILANO","8549","3","2272","3","151","6","1896"
"2013","030125-00","CASA DI CURA AMBROSIANA SPA-CESANO B.","2282","0","557","11","40","2","372"
"2013","030129-00","OSPED. DI CIRCOLO SERBELLONI-GORGONZOLA","968","1","611","0","112","0","12"
"2013","030131-00","OSPEDALE DI TREVIGLIO E CARAVAGGIO","14411","69","6935","23","654","56","3366"
"2013","030132-00","OSPEDALE CIVILE - S.GIOVANNI BIANCO","4311","43","2524","11","208","5","922"
"2013","030133-00","OSPEDALE PESENTI FENAROLI - ALZANO L.","9343","16","3682","12","386","5","1413"
"2013","030134-00","OSPEDALE F. M. PASSI - CALCINATE","3490","20","1441","6","129","1","699"
"2013","030137-00","OSPEDALE SS.CAPITANIO E GEROSA - LOVERE","3060","12","2170","7","180","11","1146"
"2013","030138-00","OSPEDALE SS.TRINITA'-ROMANO DI LOMBARDIA","5193","28","3879","12","353","5","1874"
"2013","030140-00","OSPEDALE BOLOGNINI - SERIATE","12454","34","5701","31","599","112","3191"
"2013","030143-00","CLINICHE GAVAZZENI SPA - BERGAMO","13301","26","7871","29","661","91","5400"
"2013","030144-00","CASA DI CURA BEATO PALAZZOLO - BERGAMO","3240","6","1624","9","79","1","908"
"2013","030145-00","CASA DI CURA CASTELLI - BERGAMO","4526","7","2098","11","156","6","1339"
"2013","030146-00","CASA DI CURA S. FRANCESCO - BERGAMO","4365","20","3039","9","115","5","1676"
"2013","030147-00","POLICLINICO SAN MARCO S.R.L.-OSIO SOTTO","11762","38","6479","47","690","25","3266"
"2013","030148-00","POLICLINICO SAN PIETRO S.P.A.","13496","38","5707","108","392","33","3152"
"2013","030154-00","STABILIMENTO OSPEDALIERO DI ORZINUOVI","12068","57","6551","35","794","33","2670"
"2013","030156-00","OSPEDALE DI DESENZANO","12896","31","5998","26","683","42","3212"
"2013","030157-00","OSPEDALE CIVILE LA MEMORIA DI GAVARDO","6998","34","4422","28","436","19","1785"
"2013","030159-00","P.O. MONTICHIARI- A.O. SPEDALI CIVILI","5377","29","3202","7","348","6","1091"
"2013","030162-00","PRESIDIO OSPEDALIERO GARDONE V.T.","4619","22","3777","6","508","10","1194"
"2013","030163-00","PRESIDIO OSPEDALIERO DI ISEO","5076","44","2680","20","283","5","908"
"2013","030167-00","OSPEDALE DEI BAMBINI UMBERTO I - BRESCIA","10274","10","764","1","24","3","424"
"2013","030175-00","CASA DI CURA S. CAMILLO - BRESCIA","3103","8","1589","15","133","1","1006"
"2013","030176-00","CASA DI CURA S. ANNA - BRESCIA","14681","42","7317","21","772","23","4184"
"2013","030177-00","CASA DI CURA VILLA GEMMA-GARDONE RIVIERA","1516","1","353","3","49",,"0"
"2013","030178-00","IST.CLIN. CITTA' DI BRESCIA SPA-BRESCIA","12909","18","5432","26","425","6","3810"
"2013","030184-00","OSPEDALE DI MANERBIO","11631","17","5580","20","579","42","2787"
"2013","030190-00","OSPEDALE CARLO MIRA-CASORATE PRIMO","1579","5","783","5","126","0","2"
"2013","030191-00","OSPEDALE S.MARTINO - MEDE","1943","46","1478","8","188","2","258"
"2013","030192-00","OSPEDALE SS.ANNUNZIATA - VARZI","1300","6","1134","7","140","3","334"
"2013","030193-00","OSPEDALE CIVILE - VIGEVANO","9592","79","5095","39","539","54","2205"
"2013","030194-00","OSPEDALE CIVILE - VOGHERA","12506","114","6325","32","662","22","2379"
"2013","030198-00","CASA DI CURA BEATO MATTEO","7310","45","3603","6","354","8","2139"
"2013","030199-00","CASA DI CURA S. MARIA GRAZIE","589","2","401","1","25","0","397"
"2013","030201-00","CASA DI CURA CITTADELLA SOCIALE","1196","2","318","0","13","1","270"
"2013","030202-00","IST.DI CURA CITTA'DI PAVIA","4837","7","2541","49","283","7","1958"
"2013","030203-00","OSPEDALE ASILO VITTORIA - MORTARA","3115","18","1522","7","158","5","396"
"2013","030209-00","OSPEDALE MAGGIORE - CREMA","15994","40","6954","28","887","53","3128"
"2013","030218-00","CASA DI CURA S. CAMILLO - CREMONA","3087","1","1331","3","87","3","1025"
"2013","030219-00","CASA DI CURA FIGLIE DI S.CAMILLO-CREMONA","4767","14","1732","8","124","23","1104"
"2013","030227-00","PRESIDIO OSPEDALIERO - ASOLA","4544","16","991","7","140","0","167"
"2013","030239-00","OSP.CIVILE DESTRA SECCHIA-PIEVE CORIANO","7384","6","3133","3","406","16","1309"
"2013","030259-00","CASA DI CURA S. CLEMENTE - MANTOVA","3697","9","1785","3","111","4","959"
"2013","030273-00","PRESIDIO OSPEDALIERO OGLIO PO","6939","42","3592","7","443","10","1146"
"2013","030274-00","OSPEDALE VALCAMONICA - EDOLO","11479","79","5486","73","625","27","2141"
"2013","030275-00","ISTITUTO CLINICO S. ROCCO S.P.A.","7581","10","3680","10","315","15","2770"
"2013","030281-00","OSPEDALE DI CUGGIONO","24873","30","11939","68","1285","216","6106"
"2013","030282-00","OSPEDALE LUINI CONFALONIERI - LUINO","8790","31","4707","10","438","30","1926"
"2013","030295-00","POLIAMBULANZA - BRESCIA","30889","63","14338","16","1360","71","9131"
"2013","030350-00","OSPEDALE S.ISIDORO - TRESCORE B.","1168","7","285","1","47",,"0"
"2013","030355-00","OSPEDALE DI SUZZARA S.P.A.","6650","12","2346","4","176","10","1190"
"2013","030357-00","OSP. SAN PELLEGRINO - CASTIGLIONE D/S","4653","23","3569","15","328","13","2006"
"2013","030367-00","OSPEDALE S. GIUSEPPE - MILANO","13124","32","3746","36","255","13","2006"
"2013","030379-00","HABILITA ISTITUTO CLINICO OSPEDALE DI SARNICO","1256","1","489","2","56",,"0"
"2013","030382-00","OSPEDALE M. O. ANTONIO LOCATELLI","4730","16","2691","6","226","8","1355"
"2013","030383-00","NUOVO OSPEDALE DI BRONI E STRADELLA","4961","26","2592","21","264","15","833"
"2013","030389-00","POLO CHIRURGICO CAPITANIO","4063","2","1901","0","78","14","1846"
"2013","030901-00","OSPEDALE DI CIRCOLO E FONDAZIONE MACCHI","26777","52","11982","47","1350","142","6955"
"2013","030902-00","OSPEDALE S. ANNA - COMO","22882","37","7858","51","1029","128","4363"
"2013","030903-00","OSPEDALE DI CIRCOLO ""A. MANZONI"" - LECCO","21857","53","10206","43","1194","111","4914"
"2013","030904-00","OSPEDALE MORELLI - SONDALO","8045","45","3505","24","278","27","1922"
"2013","030905-00","OSPEDALE PAPA GIOVANNI XXIII","41886","53","12533","81","1197","154","7696"
"2013","030906-00","PRES.OSPEDAL.SPEDALI CIVILI BRESCIA","51239","215","24216","211","3283","197","10123"
"2013","030907-00","PRESIDIO OSPEDALIERO ""C. POMA"" - MANTOVA","22732","35","7755","14","864","88","4017"
"2013","030908-00","ISTITUTI OSPITALIERI - CREMONA","23555","76","9733","71","1335","80","4360"
"2013","030909-00","OSPEDALE S.GERARDO - MONZA","26412","73","11261","56","1088","155","6331"
"2013","030910-00","OSPEDALE FATEBENEFRATELLI E OFTALMICO","12216","102","5831","23","746","49","2850"
"2013","030911-00","ISTITUTO ORTOPEDICO GAETANO PINI","11024","49","6327","13","397","39","5586"
"2013","030912-00","P.O. CENTRO TRAUMATOLOGICO ORTOPEDICO","3717","8","1567","5","103","2","1259"
"2013","030913-00","OSPEDALE CA' GRANDA-NIGUARDA - MILANO","40771","122","15052","76","2251","253","6521"
"2013","030914-00","OSPEDALE S. PAOLO - MILANO","26345","93","8501","37","1106","83","3145"
"2013","030915-00","OSPEDALE S. CARLO BORROMEO - MILANO","19291","86","8206","45","946","86","3292"
"2013","030916-00","OSPEDALE L. SACCO - MILANO","20320","29","7870","24","841","120","4150"
"2013","030922-00","FOND.IRCCS ""ISTIT.NAZ.LE TUMORI""MILANO","21422","6","4802","3","1044","38","2437"
"2013","030923-00","FOND.IRCCS IST.NAZ.NEUROLOGICO C.BESTA","6581","7","2066","8","265","30","929"
"2013","030924-00","OSPEDALE POLICLINICO S. MATTEO - PAVIA","41466","106","13519","79","1714","224","7279"
"2013","030925-00","FONDAZ.IRCCS CA' GRANDA - OSPEDALE MAGGIORE POLICLINICO","44322","124","8731","68","978","69","3845"
"2013","030934-00","CENTRO CARDIOLOGICO SPA ""FOND. MONZINO""","8331","16","5408","8","630","102","3304"
"2013","030935-00","IRCCS    S. RAFFAELE - MILANO","44802","94","14525","101","1805","147","7215"
"2013","030936-00","IST.AUXOLOGICO ITAL.-I.S. S.MICHELE-MI","4027","12","1833","13","241","9","435"
"2013","030938-00","FOND.MAUGERI-CENTRO MEDICO DI PAVIA","7917","10","3051","11","350","11","1678"
"2013","030939-00","FOND.IST.NEUROL.C.MONDINO-PAVIA","4022","19","1952","2","189","0","13"
"2013","030941-00","ISTITUTO EUROPEO DI ONCOLOGIA-MILANO","16239","2","2811","3","570","24","1863"
"2013","030943-00","IST. CLIN. HUMANITAS - ROZZANO","37830","33","10713","29","1165","171","7083"
"2013","030946-00","ISTITUTO ORTOPEDICO GALEAZZI SPA","16363","7","7841","8","332","19","7595"
"2013","030947-00","I.R.C.C.S. POLICLINICO SAN DONATO","14089","42","9415","39","1350","94","5064"
"2013","030948-00","CASA DI CURA MULTIMEDICA  S.P.A.","8050","20","4110","27","574","87","2879"
"2014","030100-00","CASA DI CURA IGEA - MILANO","3858","26","2102","10","166","3","1179"
"2014","030132-00","OSPEDALE CIVILE - S.GIOVANNI BIANCO","3946","29","2308","14","134","3","726"
"2014","030193-00","OSPEDALE CIVILE - VIGEVANO","9074","59","4560","30","451","37","1920"
"2014","030901-00","OSPEDALE DI CIRCOLO E FONDAZIONE MACCHI","26879","80","12673","53","1304","144","7232"
"2014","030934-00","CENTRO CARDIOLOGICO SPA  FOND. MONZINO","8348","21","5253","7","576","95","3301"
"2014","030071-00","OSPEDALE S. MARIA DELLE STELLE MELZO","5336","9","2166","6","125","11","1129"
"2014","030075-00","OSPEDALE DI CIRC. C.CANTU'-ABBIATEGRASSO","3288","14","2434","5","195","47","1261"
"2014","030116-00","CLINICA SAN CARLO - PADERNO DUGNANO","6061","18","3208","17","213","30","1773"
"2014","030191-00","OSPEDALE S.MARTINO - MEDE","2025","33","1477","4","130","3","198"
"2014","030914-00","OSPEDALE S. PAOLO - MILANO","25921","98","8305","39","1084","84","3078"
"2014","030923-00","FOND.IRCCS IST.NAZ.NEUROLOGICO C.BESTA","6344","7","1939","5","175","20","858"
"2014","030009-00","OSP. CIRCOLO A.BELLINI - SOMMA LOMBARDO","1933","17","839","0","63",,"0"
"2014","030144-00","CASA DI CURA BEATO PALAZZOLO - BERGAMO","3273","5","1513","7","62","0","830"
"2014","030154-00","PRESIDIO OSPEDALIERO DI CHIARI","11655","40","6154","41","655","34","2417"
"2014","030227-00","PRESIDIO OSPEDALIERO - ASOLA","5109","10","704","2","93","0","7"
"2014","030904-00","OSPEDALE MORELLI - SONDALO","8044","47","3541","21","284","26","1907"
"2014","030008-00","OSP. GENERALE PROVINCIALE - SARONNO","12663","64","6551","32","694","25","2257"
"2014","030073-00","OSPEDALE DI CIRCOLO - RHO","10836","60","5020","38","484","70","2232"
"2014","030087-00","OSPEDALE CADUTI BOLLATESI - BOLLATE","3712","53","1464","7","101","9","499"
"2014","030097-00","ISTITUTO CLINICO CITTA' STUDI -  MILANO","12693","77","6139","47","669","324","3340"
"2014","030104-00","CASA DI CURA S.RAFFAELE TURRO","5357","8","2068","3","217","10","1027"
"2014","030145-00","CASA DI CURA CASTELLI - BERGAMO","4614","2","1537","4","65","14","926"
"2014","030910-00","OSPEDALE FATEBENEFRATELLI E OFTALMICO","12193","109","5734","30","754","58","2813"
"2014","030924-00","OSPEDALE POLICLINICO S. MATTEO - PAVIA","39307","58","12802","52","1598","180","7081"
"2014","030017-00","CASA DI CURA MATER DOMINI - CASTELLANZA","7152","8","4269","32","331","32","2689"
"2014","030031-00","OSP. MORIGGIA PELASCINI - GRAVEDONA","7633","41","4032","24","555","23","1763"
"2014","030110-00","CASA DI CURA S. GIOVANNI - MILANO","2069","0","1001","0","9","0","981"
"2014","030162-00","PRESIDIO OSPEDALIERO GARDONE V.T.","4459","23","3532","8","363","11","1102"
"2014","030178-00","IST.CLIN. CITTA' DI BRESCIA SPA-BRESCIA","12343","23","5308","38","393","9","3712"
"2014","030357-00","OSP. SAN PELLEGRINO - CASTIGLIONE D/S","4796","32","3660","13","284","18","2016"
"2014","030909-00","OSPEDALE S.GERARDO - MONZA","25927","66","10854","51","1129","163","5584"
"2014","030943-00","IST. CLIN. HUMANITAS - ROZZANO","38445","4","10502","31","1105","122","6844"
"2014","030030-00","OSP.GENERALE DI ZONA VALDUCE - COMO","11033","14","4255","23","461","19","1734"
"2014","030066-00","OSPEDALE G.SALVINI-GARBAGNATE MIL.SE","11575","97","5276","28","414","25","1969"
"2014","030106-00","POLICLINICO DI MONZA - CASA DI CURA PRIV","9084","15","4126","7","281","26","2897"
"2014","030125-00","CASA DI CURA AMBROSIANA SPA-CESANO B.","2286","4","410","7","17","1","260"
"2014","030157-00","OSPEDALE CIVILE LA MEMORIA DI GAVARDO","6797","22","3772","13","347","13","1427"
"2014","030202-00","IST.DI CURA CITTA'DI PAVIA","4946","6","2400","51","267","24","1815"
"2014","030913-00","OSPEDALE CA' GRANDA-NIGUARDA - MILANO","40465","117","15012","79","2152","292","6561"
"2014","030935-00","IRCCS    S. RAFFAELE - MILANO","45536","94","14619","68","1770","147","7355"
"2014","030012-00","OSPEDALE CARLO ONDOLI - ANGERA","4337","31","2061","13","152","1","536"
"2014","030045-00","OSPEDALE CIVILE - MORBEGNO","749","0","419","1","15","0","1"
"2014","030077-00","OSPEDALE CROTTA OLTROCCHI-VAPRIO D'ADDA","1513","13","1042","8","88","0","342"
"2014","030081-00","PRESIDIO OSPEDALIERO DI GIUSSANO","3030","15","1742","14","140","10","804"
"2014","030119-00","IST.CLINICO S.SIRO SPA-MILANO","4353","0","1662","4","49","1","1649"
"2014","030143-00","CLINICHE GAVAZZENI SPA - BERGAMO","14319","22","7570","30","554","74","5136"
"2014","030147-00","POLICLINICO SAN MARCO S.R.L.-OSIO SOTTO","12158","23","5869","31","492","36","2746"
"2014","030194-00","OSPEDALE CIVILE - VOGHERA","12093","117","5918","44","565","24","2151"
"2014","030379-00","HABILITA ISTITUTO CLINICO OSPEDALE DI SARNICO","1214","5","443","0","35",,"0"
"2014","030389-00","PRESIDIO UNICO CAPITANIO -SAN CARLO","4820","2","1897","1","79","21","1800"
"2014","030026-00","OSPEDALE ERBA-  RENALDI - MENAGGIO","2273","23","1159","14","116","4","361"
"2014","030131-00","OSPEDALE DI TREVIGLIO E CARAVAGGIO","14016","80","7082","33","672","64","3287"
"2014","030006-00","OSP. S. ANTONIO ABATE - GALLARATE","16943","120","7854","46","918","30","3252"
"2014","030035-00","C.O.F. LANZO HOSPITAL S.P.A.","3648","0","868","1","29","1","832"
"2014","030044-00","OSPEDALE GENERALE DI ZONA - CHIAVENNA","2443","13","1185","3","75","1","516"
"2014","030078-00","PRESIDIO OSPEDALIERO DI VIMERCATE","17929","35","7354","19","810","58","3367"
"2014","030107-00","ISTITUTI CLINICI ZUCCHI SPA-MONZA","9126","4","2688","2","252","11","2596"
"2014","030259-00","CASA DI CURA S. CLEMENTE - MANTOVA","3352","4","1623","5","59","5","849"
"2014","030295-00","POLIAMBULANZA - BRESCIA","30582","41","13397","21","1329","83","8068"
"2014","030938-00","FOND.MAUGERI-CENTRO MEDICO DI PAVIA","8062","10","2913","13","272","5","1655"
"2014","030946-00","ISTITUTO ORTOPEDICO GALEAZZI SPA","15910","4","6653","5","211","30","6457"
"2014","030010-00","OSPEDALE DI CIRCOLO GALMARINI - TRADATE","8522","15","3460","23","311","19","1677"
"2014","030072-00","OSPEDALE DI CIRCOLO PREDABISSI-MELEGNANO","12797","51","6845","81","880","33","2468"
"2014","030167-00","OSPEDALE DEI BAMBINI UMBERTO I - BRESCIA","10208","15","818","3","17","0","403"
"2014","030355-00","OSPEDALE DI SUZZARA S.P.A.","6784","13","2546","12","95","12","1369"
"2014","030925-00","FONDAZ.IRCCS CA' GRANDA - OSPEDALE MAGGIORE POLICLINICO","43880","121","8673","58","871","90","3802"
"2014","030134-00","OSPEDALE F. M. PASSI - CALCINATE","3018","17","1178","6","70","0","472"
"2014","030156-00","OSPEDALE DI DESENZANO","12355","34","5120","15","557","30","2648"
"2014","030912-00","P.O. CENTRO TRAUMATOLOGICO ORTOPEDICO","3790","8","1459","4","81","4","1266"
"2014","030922-00","FOND.IRCCS  ISTIT.NAZ.LE TUMORI MILANO","19597","6","4517","2","834","32","2231"
"2014","030051-00","P.O.  CITTA' DI SESTO S. GIOVANNI","7728","32","2437","21","179","12","813"
"2014","030085-00","CAUSA PIA OSPITALIERA UBOLDO-CERNUSCO SN","6035","20","2883","53","250","6","1238"
"2014","030121-00","CASA DI CURA S. PIO X - MILANO","7795","2","2034","4","88","14","1788"
"2014","030133-00","OSPEDALE PESENTI FENAROLI - ALZANO L.","8716","22","3306","12","255","11","1208"
"2014","030177-00","CASA DI CURA VILLA GEMMA-GARDONE RIVIERA","1566","4","452","7","29",,"0"
"2014","030219-00","CASA DI CURA FIGLIE DI S.CAMILLO-CREMONA","5001","6","1672","12","100","2","955"
"2014","030905-00","OSPEDALE PAPA GIOVANNI XXIII","44664","40","13349","61","1430","194","8247"
"2014","030939-00","FOND.IST.NEUROL.C.MONDINO-PAVIA","4181","18","2061","1","119","0","9"
"2014","030015-00","CASA DI CURA SANTA MARIA - CASTELLANZA","5730","4","1809","6","152","7","1415"
"2014","030033-00","CASA DI CURA BEATO L.TALAMONI-LECCO","2259","9","1255","12","63","1","461"
"2014","030057-00","PRESIDIO OSPED. MACEDONIO MELLONI-MILANO","8300","21","558","2","33","0","3"
"2014","030129-00","OSPED. DI CIRCOLO SERBELLONI-GORGONZOLA","765","0","528","1","49","0","12"
"2014","030176-00","CASA DI CURA S. ANNA - BRESCIA","14163","39","7248","26","692","24","4230"
"2014","030184-00","OSPEDALE DI MANERBIO","11655","23","4963","21","414","30","2266"
"2014","030218-00","CASA DI CURA S. CAMILLO - CREMONA","3025","3","1354","4","75","4","1022"
"2014","030239-00","OSP.CIVILE DESTRA SECCHIA-PIEVE CORIANO","7126","19","2896","3","313","23","1154"
"2014","030282-00","PRESIDIO OSPEDALIERO DEL VERBANO","8670","37","4647","10","336","19","1889"
"2014","030382-00","OSPEDALE M. O. ANTONIO LOCATELLI","4647","14","2417","5","127","4","1014"
"2014","030906-00","PRES.OSPEDAL.SPEDALI CIVILI BRESCIA","50102","168","24230","188","3171","198","9494"
"2014","030203-00","OSPEDALE ASILO VITTORIA - MORTARA","3211","20","1546","9","132","10","324"
"2014","030902-00","OSPEDALE S. ANNA - COMO","22063","38","7534","36","856","137","4205"
"2014","030032-00","IST.CLINICO VILLA APRICA SPA-COMO","6210","18","3886","7","230","7","3382"
"2014","030056-00","PRESIDIO OSPED. V. BUZZI - MILANO","15418","1","233","1","8","0","195"
"2014","030029-00","OSP.SACRA FAMIGLIA - F.B.F. - ERBA","8263","17","3731","35","300","22","1962"
"2014","030034-00","CASA DI CURA G.B. MANGIONI - LECCO","3376","0","544","0","45","1","517"
"2014","030067-00","OSPEDALE MAGGIORE - LODI","13618","47","6321","61","656","40","2475"
"2014","030112-00","IST.CLINICO S.AMBROGIO SPA-MILANO","5467","16","3436","21","286","94","2712"
"2014","030138-00","OSPEDALE SS.TRINITA'-ROMANO DI LOMBARDIA","5061","15","3588","5","246","6","1597"
"2014","030209-00","OSPEDALE MAGGIORE - CREMA","15350","32","6679","27","739","43","2943"
"2014","030915-00","OSPEDALE S. CARLO BORROMEO - MILANO","19154","88","7980","31","790","93","3336"
"2014","030080-00","OSPEDALE CIVICO ROSSI - CASALPUSTERLENGO","1474","4","625","0","130","1","18"
"2014","030192-00","OSPEDALE SS.ANNUNZIATA - VARZI","1354","6","976","3","77","1","206"
"2014","030274-00","OSPEDALE VALCAMONICA - ESINE","11263","76","5127","47","524","24","1975"
"2014","030275-00","ISTITUTO CLINICO S. ROCCO S.P.A.","7988","12","3785","9","294","32","2790"
"2014","030936-00","IST.AUXOLOGICO ITALIANO","3914","6","1758","6","152","10","465"
"2014","030941-00","ISTITUTO EUROPEO DI ONCOLOGIA-MILANO","16278","2","2645","5","440","34","1842"
"2014","030058-00","OSPEDALE BASSINI - CINISELLO BALSAMO","10261","48","4620","20","424","39","2407"
"2014","030079-00","OSPEDALE CIVICO - CODOGNO","5371","29","2812","12","280","16","1032"
"2014","030146-00","CASA DI CURA S. FRANCESCO - BERGAMO","4454","16","2557","5","73","3","1222"
"2014","030175-00","CASA DI CURA S. CAMILLO - BRESCIA","3148","3","1415","21","111","0","855"
"2014","030273-00","PRESIDIO OSPEDALIERO OGLIO PO","6859","19","3401","9","361","10","1122"
"2014","030367-00","OSPEDALE S. GIUSEPPE - MILANO","14038","33","3858","33","305","32","1732"
"2014","030903-00","OSPEDALE DI CIRCOLO  A. MANZONI  - LECCO","21873","66","9960","50","1115","105","4608"
"2014","030948-00","CASA DI CURA MULTIMEDICA  S.P.A.","7928","42","4210","25","549","97","2954"
"2014","030004-00","OSPEDALE DI CIRCOLO - BUSTO ARSIZIO","19282","30","7655","19","843","37","3729"
"2014","030068-00","PRESIDIO OSPEDALIERO DI DESIO","16237","33","6950","35","661","41","3046"
"2014","030140-00","OSPEDALE BOLOGNINI - SERIATE","12269","26","5526","32","451","130","2973"
"2014","030148-00","POLICLINICO SAN PIETRO S.P.A.","14024","36","5239","61","342","33","2545"
"2014","030908-00","ISTITUTI OSPITALIERI - CREMONA","22991","73","9532","84","1133","48","4276"
"2014","030024-00","OSPEDALE DI CIRCOLO S.L.MANDIC - MERATE","10469","17","4715","5","436","22","1660"
"2014","030159-00","P.O. MONTICHIARI- A.O. SPEDALI CIVILI","5488","35","3352","4","252","5","1009"
"2014","030198-00","CASA DI CURA BEATO MATTEO","7075","24","3612","18","248","9","2066"
"2014","030201-00","CASA DI CURA CITTADELLA SOCIALE","1180","1","331","0","7","0","314"
"2014","030907-00","PRESIDIO OSPEDALIERO  C. POMA  - MANTOVA","23212","36","7998","15","998","86","3930"
"2014","030911-00","ISTITUTO ORTOPEDICO GAETANO PINI","10711","33","5949","11","343","36","5226"
"2014","030916-00","OSPEDALE L. SACCO - MILANO","20171","22","7836","38","840","128","3927"
"2014","030947-00","I.R.C.C.S. POLICLINICO SAN DONATO","13891","74","8704","32","1238","64","4788"
"2014","030042-00","OSPEDALE CIVILE - SONDRIO","12362","49","5909","40","472","43","2780"
"2014","030190-00","OSPEDALE CARLO MIRA-CASORATE PRIMO","1577","6","763","4","61","0","1"
"2014","030199-00","CASA DI CURA S. MARIA GRAZIE","563","0","403","1","9","0","400"
"2014","030350-00","OSPEDALE S.ISIDORO - TRESCORE B.","1101","4","219","2","11",,"0"
"2014","030022-00","OSPEDALE S. ANTONIO ABATE - CANTU'","5289","13","2209","8","168","10","894"
"2014","030070-00","PRESIDIO OSPEDALIERO DI CARATE","9489","42","3227","9","259","14","1440"
"2014","030074-00","OSPEDALE CIVILE G. FORNAROLI - MAGENTA","16099","43","6066","16","560","140","3037"
"2014","030103-00","CASA DI CURA PALAZZOLO-FOND.DON GNOCCHI","1411","7","459","11","24","0","1"
"2014","030137-00","OSPEDALE SS.CAPITANIO E GEROSA - LOVERE","3126","11","2082","3","148","8","1038"
"2014","030163-00","PRESIDIO OSPEDALIERO DI ISEO","5012","42","2520","23","194","5","760"
"2014","030281-00","OSPEDALE DI LEGNANO E CUGGIONO-LEGNANO","24675","41","12053","62","1320","256","5947"
"2014","030383-00","NUOVO OSPEDALE DI BRONI E STRADELLA","4384","35","2265","19","171","6","644"
"2015","030070-00","PRESIDIO OSPEDALIERO DI CARATE","9514","20","3659","21","359","18","1731"
"2015","030024-00","OSPEDALE DI CIRCOLO S.L.MANDIC - MERATE","10623","36","4704","15","350","21","1624"
"2015","030915-00","OSPEDALE S. CARLO BORROMEO - MILANO","18484","78","8153","42","726","95","3293"
"2015","030103-00","CASA DI CURA PALAZZOLO-FOND.DON GNOCCHI","1388","10","428","8","18","0","1"
"2015","030134-00","OSPEDALE F. M. PASSI - CALCINATE","1898","8","765","3","57","0","241"
"2015","030357-00","OSP. SAN PELLEGRINO - CASTIGLIONE D/S","4734","41","3633","18","315","43","1940"
"2015","030907-00","PRESIDIO OSPEDALIERO  C. POMA  - MANTOVA","23262","31","8272","21","894","107","4057"
"2015","030274-00","OSPEDALE VALCAMONICA - ESINE","11147","38","4914","45","452","27","1866"
"2015","030192-00","OSPEDALE SS.ANNUNZIATA - VARZI","1243","10","894","5","65","2","206"
"2015","030004-00","OSPEDALE DI CIRCOLO - BUSTO ARSIZIO","19082","30","7758","14","821","23","3702"
"2015","030383-00","NUOVO OSPEDALE DI BRONI E STRADELLA","4419","36","2363","16","176","4","604"
"2015","030119-00","IST.CLINICO S.SIRO SPA-MILANO","4320","0","1744","0","46","4","1733"
"2015","030379-00","HABILITA ISTITUTO CLINICO OSPEDALE DI SARNICO","1178","7","415","4","33",,"0"
"2015","030143-00","CLINICHE GAVAZZENI SPA - BERGAMO","15071","14","7303","16","591","80","4771"
"2015","030175-00","CASA DI CURA S. CAMILLO - BRESCIA","3098","6","1440","19","101","2","848"
"2015","030934-00","CENTRO CARDIOLOGICO SPA  FOND. MONZINO","8468","16","5436","7","540","92","3492"
"2015","030938-00","FOND.MAUGERI-CENTRO MEDICO DI PAVIA","7794","12","2767","11","303","2","1530"
"2015","030911-00","ISTITUTO ORTOPEDICO GAETANO PINI","10327","20","5676","16","324","31","5019"
"2015","030389-00","PRESIDIO UNICO CAPITANIO -SAN CARLO","4978","3","1612","0","77","14","1495"
"2015","030924-00","OSPEDALE POLICLINICO S. MATTEO - PAVIA","37264","66","12312","68","1441","144","6923"
"2015","030275-00","ISTITUTO CLINICO S. ROCCO S.P.A.","7901","10","3785","15","272","31","2787"
"2015","030201-00","CASA DI CURA CITTADELLA SOCIALE","1119","0","255","0","6","0","254"
"2015","030350-00","OSPEDALE S.ISIDORO - TRESCORE B.","1074","0","159","1","6",,"0"
"2015","030132-00","OSPEDALE CIVILE - S.GIOVANNI BIANCO","3273","24","2153","10","118","7","599"
"2015","030184-00","OSPEDALE DI MANERBIO","11939","31","5534","27","453","58","2709"
"2015","030133-00","OSPEDALE PESENTI FENAROLI - ALZANO L.","8454","33","3420","12","212","12","1200"
"2015","030910-00","OSPEDALE FATEBENEFRATELLI E OFTALMICO","12098","126","6018","41","641","48","2818"
"2015","030925-00","FONDAZ.IRCCS CA' GRANDA - OSPEDALE MAGGIORE POLICLINICO","43825","102","8887","52","910","88","3747"
"2015","030056-00","PRESIDIO OSPED. V. BUZZI - MILANO","14343","0","238","1","9","1","206"
"2015","030140-00","OSPEDALE BOLOGNINI - SERIATE","13070","21","5907","21","503","162","3149"
"2015","030110-00","CASA DI CURA S. GIOVANNI - MILANO","2040","0","1120","0","7","0","1101"
"2015","030923-00","FOND.IRCCS IST.NAZ.NEUROLOGICO C.BESTA","5911","4","1686","6","173","21","796"
"2015","030199-00","CASA DI CURA S. MARIA GRAZIE","595","2","469","0","15","0","465"
"2015","030203-00","OSPEDALE ASILO VITTORIA - MORTARA","2966","34","1485","8","115","6","286"
"2015","030085-00","CAUSA PIA OSPITALIERA UBOLDO-CERNUSCO SN","6235","37","3942","71","361","3","1576"
"2015","030146-00","CASA DI CURA S. FRANCESCO - BERGAMO","4365","14","2510","6","67","3","1211"
"2015","030033-00","CASA DI CURA BEATO L.TALAMONI-LECCO","2151","7","1031","12","63","1","356"
"2015","030138-00","OSPEDALE SS.TRINITA'-ROMANO DI LOMBARDIA","4728","13","3383","6","229","5","1545"
"2015","030922-00","FOND.IRCCS  ISTIT.NAZ.LE TUMORI MILANO","18522","11","4464","5","741","32","2279"
"2015","030177-00","CASA DI CURA VILLA GEMMA-GARDONE RIVIERA","1543","6","341","2","16",,"0"
"2015","030239-00","OSP.CIVILE DESTRA SECCHIA-PIEVE CORIANO","6794","13","2751","3","254","17","1090"
"2015","030087-00","OSPEDALE CADUTI BOLLATESI - BOLLATE","2957","27","1180","4","86","6","303"
"2015","030936-00","IST.AUXOLOGICO ITALIANO","4052","9","1864","11","179","6","462"
"2015","030058-00","OSPEDALE BASSINI - CINISELLO BALSAMO","10294","45","4804","31","510","51","2412"
"2015","030190-00","OSPEDALE CARLO MIRA-CASORATE PRIMO","1646","3","796","2","61","0","1"
"2015","030281-00","OSPEDALE DI LEGNANO E CUGGIONO-LEGNANO","24115","45","11526","70","1129","246","5426"
"2015","030044-00","OSPEDALE GENERALE DI ZONA - CHIAVENNA","2113","11","1130","11","80","1","482"
"2015","030144-00","CASA DI CURA BEATO PALAZZOLO - BERGAMO","3222","9","1483","11","60","3","793"
"2015","030009-00","OSP. CIRCOLO A.BELLINI - SOMMA LOMBARDO","1784","14","795","1","59","0","4"
"2015","030080-00","OSPEDALE CIVICO ROSSI - CASALPUSTERLENGO","1500","2","566","0","91","0","25"
"2015","030908-00","ISTITUTI OSPITALIERI - CREMONA","22946","76","9941","86","1179","86","4377"
"2015","030022-00","OSPEDALE S. ANTONIO ABATE - CANTU'","5943","18","2206","8","156","11","802"
"2015","030030-00","OSP.GENERALE DI ZONA VALDUCE - COMO","10761","22","4103","20","435","29","1782"
"2015","030163-00","PRESIDIO OSPEDALIERO DI ISEO","4760","29","2426","21","183","3","700"
"2015","030178-00","IST.CLIN. CITTA' DI BRESCIA SPA-BRESCIA","12545","23","5465","21","400","8","3893"
"2015","030909-00","OSPEDALE S.GERARDO - MONZA","25625","68","10236","48","1043","167","5139"
"2015","030008-00","OSP. GENERALE PROVINCIALE - SARONNO","12416","51","6497","16","711","38","2274"
"2015","030148-00","POLICLINICO SAN PIETRO S.P.A.","16277","45","5321","57","326","22","2548"
"2015","030382-00","OSPEDALE M. O. ANTONIO LOCATELLI","4626","15","2499","7","144","9","982"
"2015","030159-00","P.O. MONTICHIARI- A.O. SPEDALI CIVILI","5441","36","3441","3","243","1","1059"
"2015","030042-00","OSPEDALE CIVILE - SONDRIO","12255","29","5554","24","493","53","2717"
"2015","030367-00","OSPEDALE S. GIUSEPPE - MILANO","13901","30","3381","31","288","17","1466"
"2015","030905-00","OSPEDALE PAPA GIOVANNI XXIII","44352","25","13207","69","1356","201","7923"
"2015","030035-00","C.O.F. LANZO HOSPITAL S.P.A.","3721","0","870","2","20","0","831"
"2015","030034-00","CASA DI CURA G.B. MANGIONI - LECCO","3067","1","810","3","49","3","789"
"2015","030125-00","CASA DI CURA AMBROSIANA SPA-CESANO B.","2270","5","395","8","23","0","220"
"2015","030156-00","OSPEDALE DI DESENZANO","11823","50","5151","21","559","37","2497"
"2015","030903-00","OSPEDALE DI CIRCOLO  A. MANZONI  - LECCO","21969","44","9977","43","1037","138","4698"
"2015","030946-00","ISTITUTO ORTOPEDICO GALEAZZI SPA","15649","1","6487","2","192","24","6352"
"2015","030157-00","OSPEDALE CIVILE LA MEMORIA DI GAVARDO","6771","27","3772","24","380","20","1408"
"2015","030219-00","CASA DI CURA FIGLIE DI S.CAMILLO-CREMONA","5114","7","1657","18","120","8","959"
"2015","030066-00","OSPEDALE G.SALVINI-GARBAGNATE MIL.SE","12299","86","5440","20","450","40","2133"
"2015","030941-00","ISTITUTO EUROPEO DI ONCOLOGIA-MILANO","16937","1","2684","1","486","27","1827"
"2015","030901-00","OSPEDALE DI CIRCOLO E FONDAZIONE MACCHI","39307","76","13360","40","1424","152","7192"
"2015","030167-00","OSPEDALE DEI BAMBINI UMBERTO I - BRESCIA","9953","9","772","0","27","1","379"
"2015","030145-00","CASA DI CURA CASTELLI - BERGAMO","4755","9","1416","6","70","7","878"
"2015","030943-00","IST. CLIN. HUMANITAS - ROZZANO","40484","2","10499","29","898","144","6908"
"2015","030198-00","CASA DI CURA BEATO MATTEO","7070","26","3377","10","276","12","1973"
"2015","030355-00","OSPEDALE DI SUZZARA S.P.A.","6759","5","2491","13","110","8","1405"
"2015","030106-00","POLICLINICO DI MONZA - CASA DI CURA PRIV","9266","26","4169","9","291","30","2817"
"2015","030902-00","OSPEDALE S. ANNA - COMO","21753","48","7482","33","873","147","4167"
"2015","030227-00","PRESIDIO OSPEDALIERO - ASOLA","4653","14","814","6","85","2","114"
"2015","030078-00","PRESIDIO OSPEDALIERO DI VIMERCATE","17465","28","7656","35","796","55","3418"
"2015","030948-00","CASA DI CURA MULTIMEDICA  S.P.A.","7709","35","4091","13","423","108","2703"
"2015","030154-00","PRESIDIO OSPEDALIERO DI CHIARI","11487","38","6215","43","668","36","2511"
"2015","030912-00","P.O. CENTRO TRAUMATOLOGICO ORTOPEDICO","3608","5","1520","4","79","10","1219"
"2015","030176-00","CASA DI CURA S. ANNA - BRESCIA","13791","29","7021","27","618","34","4264"
"2015","030112-00","IST.CLINICO S.AMBROGIO SPA-MILANO","5747","28","3537","16","340","78","2695"
"2015","030029-00","OSP.SACRA FAMIGLIA - F.B.F. - ERBA","8244","12","3595","34","304","24","1931"
"2015","030295-00","POLIAMBULANZA - BRESCIA","30400","37","13550","22","1278","81","8017"
"2015","030097-00","ISTITUTO CLINICO CITTA' STUDI -  MILANO","12119","83","6104","44","631","261","3132"
"2015","030147-00","POLICLINICO SAN MARCO S.R.L.-OSIO SOTTO","11982","31","5700","49","464","36","2673"
"2015","030081-00","PRESIDIO OSPEDALIERO DI GIUSSANO","2124","9","1030","6","73","2","482"
"2015","030026-00","OSPEDALE ERBA-  RENALDI - MENAGGIO","2355","20","1241","10","129","5","408"
"2015","030006-00","OSP. S. ANTONIO ABATE - GALLARATE","16575","87","7767","37","809","23","3199"
"2015","030162-00","PRESIDIO OSPEDALIERO GARDONE V.T.","4242","23","3387","2","329","11","1078"
"2015","030017-00","CASA DI CURA MATER DOMINI - CASTELLANZA","8084","13","4601","31","380","21","2951"
"2015","030209-00","OSPEDALE MAGGIORE - CREMA","15369","37","6858","22","779","39","3038"
"2015","030010-00","OSPEDALE DI CIRCOLO GALMARINI - TRADATE","7890","8","3085","18","270","22","1569"
"2015","030193-00","OSPEDALE CIVILE - VIGEVANO","8783","55","4532","30","375","38","1857"
"2015","030282-00","PRESIDIO OSPEDALIERO DEL VERBANO","8124","46","4421","5","304","23","1733"
"2015","030202-00","IST.DI CURA CITTA'DI PAVIA","4939","4","2776","33","257","63","2243"
"2015","030906-00","PRES.OSPEDAL.SPEDALI CIVILI BRESCIA","50128","212","24094","188","3198","202","9456"
"2015","030904-00","OSPEDALE MORELLI - SONDALO","8042","54","3704","18","297","28","1946"
"2015","030100-00","CASA DI CURA IGEA - MILANO","3686","11","2006","17","138","3","1164"
"2015","030032-00","IST.CLINICO VILLA APRICA SPA-COMO","6196","6","3917","9","213","6","3449"
"2015","030947-00","I.R.C.C.S. POLICLINICO SAN DONATO","14942","50","8042","20","1041","83","4587"
"2015","030031-00","OSP. MORIGGIA PELASCINI - GRAVEDONA","7765","33","3913","32","490","20","1728"
"2015","030273-00","PRESIDIO OSPEDALIERO OGLIO PO","6555","20","3185","7","289","17","991"
"2015","030012-00","OSPEDALE CARLO ONDOLI - ANGERA","4367","35","2106","17","156","5","537"
"2015","030131-00","OSPEDALE DI TREVIGLIO E CARAVAGGIO","13901","56","7035","29","708","65","3429"
"2015","030950-00",,"4895","3","1747","5","146","12","922"
"2015","030068-00","PRESIDIO OSPEDALIERO DI DESIO","15922","30","7065","42","617","40","3148"
"2015","030914-00","OSPEDALE S. PAOLO - MILANO","25049","85","8138","33","1002","87","3115"
"2015","030939-00","FOND.IST.NEUROL.C.MONDINO-PAVIA","3991","11","1945","0","84","0","10"
"2015","030079-00","OSPEDALE CIVICO - CODOGNO","5350","20","2637","12","215","13","1078"
"2015","030191-00","OSPEDALE S.MARTINO - MEDE","1979","37","1415","7","123","1","183"
"2015","030045-00","OSPEDALE CIVILE - MORBEGNO","678","2","377","0","27","0","1"
"2015","030075-00","OSPEDALE DI CIRC. C.CANTU'-ABBIATEGRASSO","3293","19","2199","8","211","43","1174"
"2015","030057-00","PRESIDIO OSPED. MACEDONIO MELLONI-MILANO","7643","17","613","2","54","0","3"
"2015","030015-00","CASA DI CURA SANTA MARIA - CASTELLANZA","5661","3","1616","5","83","9","1258"
"2015","030073-00","OSPEDALE DI CIRCOLO - RHO","10922","44","5098","48","477","63","2158"
"2015","030121-00","CASA DI CURA S. PIO X - MILANO","7894","3","2119","1","163","12","1651"
"2015","030107-00","ISTITUTI CLINICI ZUCCHI SPA-MONZA","9293","3","2739","2","234","11","2656"
"2015","030194-00","OSPEDALE CIVILE - VOGHERA","11254","102","5840","31","590","20","1917"
"2015","030935-00","IRCCS    S. RAFFAELE - MILANO","44804","85","14075","76","1613","148","7243"
"2015","030116-00","CLINICA SAN CARLO - PADERNO DUGNANO","6386","9","3296","12","234","37","1777"
"2015","030913-00","OSPEDALE CA' GRANDA-NIGUARDA - MILANO","39078","101","14485","70","2069","258","6541"
"2015","030051-00","P.O.  CITTA' DI SESTO S. GIOVANNI","7284","29","2462","10","187","6","762"
"2015","030218-00","CASA DI CURA S. CAMILLO - CREMONA","3228","3","1330","5","95","5","961"
"2015","030074-00","OSPEDALE CIVILE G. FORNAROLI - MAGENTA","15489","44","5647","10","500","121","2642"
"2015","030071-00","OSPEDALE S. MARIA DELLE STELLE MELZO","6325","11","2558","5","224","13","962"
"2015","030072-00","OSPEDALE DI CIRCOLO PREDABISSI-MELEGNANO","13296","45","6721","85","841","32","2400"
"2015","030259-00","CASA DI CURA S. CLEMENTE - MANTOVA","3182","4","1580","9","84","7","910"
"2015","030137-00","OSPEDALE SS.CAPITANIO E GEROSA - LOVERE","3184","14","2107","2","145","3","986"
"2015","030916-00","OSPEDALE L. SACCO - MILANO","20021","21","7801","38","855","109","3991"
"2015","030067-00","OSPEDALE MAGGIORE - LODI","13296","43","6139","46","626","28","2482"
"2016","030032-00","IST.CLINICO VILLA APRICA SPA-COMO","2172","3","1349","2","38","2","1196"
"2016","030901-00","OSPEDALE DI CIRCOLO E FONDAZIONE MACCHI","12932","19","4290","18","230","56","2220"
"2016","030924-00","OSPEDALE POLICLINICO S. MATTEO - PAVIA","12208","15","4150","19","315","38","2303"
"2016","030143-00","CLINICHE GAVAZZENI SPA - BERGAMO","5092","6","1967","9","77","17","1166"
"2016","030916-00","OSPEDALE L. SACCO - MILANO","6800","8","2708","7","127","31","1461"
"2016","030275-00","ISTITUTO CLINICO S. ROCCO S.P.A.","2725","4","1167","2","25","5","885"
"2016","030935-00","IRCCS    S. RAFFAELE - MILANO","15601","24","4882","23","275","50","2585"
"2016","030022-00","OSPEDALE S. ANTONIO ABATE - CANTU'","2099","2","705","3","24","5","300"
"2016","030085-00","CAUSA PIA OSPITALIERA UBOLDO-CERNUSCO SN","2122","22","1333","34","64","4","489"
"2016","030070-00","PRESIDIO OSPEDALIERO DI CARATE","3508","6","1580","10","80","8","833"
"2016","030936-00","IST.AUXOLOGICO ITALIANO","1411","2","632","4","34","3","151"
"2016","030915-00","OSPEDALE S. CARLO BORROMEO - MILANO","6340","25","2780","5","149","41","1129"
"2016","030946-00","ISTITUTO ORTOPEDICO GALEAZZI SPA","5496","1","2144","0","12","12","2122"
"2016","030010-00","OSPEDALE DI CIRCOLO GALMARINI - TRADATE","2625","5","979","6","46","11","460"
"2016","030015-00","CASA DI CURA SANTA MARIA - CASTELLANZA","1975","1","585","1","4","3","563"
"2016","030131-00","OSPEDALE DI TREVIGLIO E CARAVAGGIO","4696","23","2481","8","122","17","1124"
"2016","030121-00","CASA DI CURA S. PIO X - MILANO","2721","1","643","0","11","6","612"
"2016","030044-00","OSPEDALE GENERALE DI ZONA - CHIAVENNA","643","4","302","1","12","1","93"
"2016","030079-00","OSPEDALE CIVICO - CODOGNO","1845","9","801","2","28","5","378"
"2016","030017-00","CASA DI CURA MATER DOMINI - CASTELLANZA","2943","8","1564","9","62","3","968"
"2016","030100-00","CASA DI CURA IGEA - MILANO","1416","9","644","1","20","3","404"
"2016","030133-00","OSPEDALE PESENTI FENAROLI - ALZANO L.","2815","4","1184","2","40","6","410"
"2016","030947-00","I.R.C.C.S. POLICLINICO SAN DONATO","5502","9","2172","11","180","35","1385"
"2016","030219-00","CASA DI CURA FIGLIE DI S.CAMILLO-CREMONA","1768","1","326","2","4","0","169"
"2016","030145-00","CASA DI CURA CASTELLI - BERGAMO","1738","2","457","2","9","1","276"
"2016","030282-00","PRESIDIO OSPEDALIERO DEL VERBANO","2736","9","1439","4","57","4","566"
"2016","030178-00","IST.CLIN. CITTA' DI BRESCIA SPA-BRESCIA","4347","11","1781","12","75","5","1287"
"2016","030112-00","IST.CLINICO S.AMBROGIO SPA-MILANO","2073","12","1238","4","79","28","969"
"2016","030110-00","CASA DI CURA S. GIOVANNI - MILANO","612","0","418","0","0","0","413"
"2016","030218-00","CASA DI CURA S. CAMILLO - CREMONA","1121","6","419","1","8","0","283"
"2016","030190-00","OSPEDALE CARLO MIRA-CASORATE PRIMO","571","0","284","1","7",,"0"
"2016","030167-00","OSPEDALE DEI BAMBINI UMBERTO I - BRESCIA","3218","1","235","0","0","0","129"
"2016","030157-00","OSPEDALE CIVILE LA MEMORIA DI GAVARDO","2223","7","1225","5","57","3","437"
"2016","030273-00","PRESIDIO OSPEDALIERO OGLIO PO","2078","5","1125","2","72","10","356"
"2016","030203-00","OSPEDALE ASILO VITTORIA - MORTARA","999","11","499","2","27","2","80"
"2016","030941-00","ISTITUTO EUROPEO DI ONCOLOGIA-MILANO","5592","0","797","0","74","8","591"
"2016","030066-00","OSPEDALE G.SALVINI-GARBAGNATE MIL.SE","5003","28","2180","7","88","15","845"
"2016","030033-00","CASA DI CURA BEATO L.TALAMONI-LECCO","757","2","338","5","9","0","101"
"2016","030073-00","OSPEDALE DI CIRCOLO - RHO","3577","12","1519","9","86","24","692"
"2016","030031-00","OSP. MORIGGIA PELASCINI - GRAVEDONA","2772","4","1356","6","114","4","595"
"2016","030274-00","OSPEDALE VALCAMONICA - ESINE","3799","16","1451","12","76","17","476"
"2016","030355-00","OSPEDALE DI SUZZARA S.P.A.","2222","2","769","1","8","3","425"
"2016","030281-00","OSPEDALE DI LEGNANO E CUGGIONO-LEGNANO","8192","14","3966","18","230","76","1861"
"2016","030051-00","P.O.  CITTA' DI SESTO S. GIOVANNI","2304","5","700","4","23","5","251"
"2016","030950-00",,"1622","1","609","0","21","6","360"
"2016","030074-00","OSPEDALE CIVILE G. FORNAROLI - MAGENTA","5163","14","1855","9","99","52","867"
"2016","030905-00","OSPEDALE PAPA GIOVANNI XXIII","14565","5","4354","20","235","64","2595"
"2016","030132-00","OSPEDALE CIVILE - S.GIOVANNI BIANCO","1008","9","580","4","24","0","68"
"2016","030024-00","OSPEDALE DI CIRCOLO S.L.MANDIC - MERATE","3510","7","1554","3","56","3","508"
"2016","030912-00","P.O. CENTRO TRAUMATOLOGICO ORTOPEDICO","1236","1","470","2","14","3","412"
"2016","030147-00","POLICLINICO SAN MARCO S.R.L.-OSIO SOTTO","4216","7","1931","13","94","10","912"
"2016","030907-00","PRESIDIO OSPEDALIERO  C. POMA  - MANTOVA","7900","13","2796","12","160","41","1361"
"2016","030107-00","ISTITUTI CLINICI ZUCCHI SPA-MONZA","3358","1","1011","3","49","5","970"
"2016","030035-00","C.O.F. LANZO HOSPITAL S.P.A.","1096","0","278","0","0","0","272"
"2016","030939-00","FOND.IST.NEUROL.C.MONDINO-PAVIA","1274","3","686","0","15","0","2"
"2016","030159-00","P.O. MONTICHIARI- A.O. SPEDALI CIVILI","1799","22","1165","4","41","2","335"
"2016","030009-00","OSP. CIRCOLO A.BELLINI - SOMMA LOMBARDO","680","7","304","0","19",,"0"
"2016","030012-00","OSPEDALE CARLO ONDOLI - ANGERA","1473","8","645","1","24","0","99"
"2016","030146-00","CASA DI CURA S. FRANCESCO - BERGAMO","1434","5","876","0","11","3","424"
"2016","030148-00","POLICLINICO SAN PIETRO S.P.A.","5602","14","1716","15","57","10","857"
"2016","030904-00","OSPEDALE MORELLI - SONDALO","2681","19","1046","8","46","8","659"
"2016","030119-00","IST.CLINICO S.SIRO SPA-MILANO","1527","0","654","0","0","0","652"
"2016","030138-00","OSPEDALE SS.TRINITA'-ROMANO DI LOMBARDIA","1819","10","1219","0","34","2","564"
"2016","030383-00","NUOVO OSPEDALE DI BRONI E STRADELLA","1512","5","808","4","27","2","233"
"2016","030075-00","OSPEDALE DI CIRC. C.CANTU'-ABBIATEGRASSO","1179","11","427","0","29","15","93"
"2016","030934-00","CENTRO CARDIOLOGICO SPA  FOND. MONZINO","2851","11","1742","3","64","27","1099"
"2016","030008-00","OSP. GENERALE PROVINCIALE - SARONNO","3897","15","2052","10","102","14","704"
"2016","030072-00","OSPEDALE DI CIRCOLO PREDABISSI-MELEGNANO","4592","13","2164","37","185","8","827"
"2016","030948-00","CASA DI CURA MULTIMEDICA  S.P.A.","2544","11","1144","11","59","44","757"
"2016","030943-00","IST. CLIN. HUMANITAS - ROZZANO","14349","0","2676","5","123","32","1716"
"2016","030034-00","CASA DI CURA G.B. MANGIONI - LECCO","1100","0","206","0","5","1","202"
"2016","030097-00","ISTITUTO CLINICO CITTA' STUDI -  MILANO","4136","24","2071","15","122","85","1025"
"2016","030175-00","CASA DI CURA S. CAMILLO - BRESCIA","1091","0","472","4","17","0","281"
"2016","030030-00","OSP.GENERALE DI ZONA VALDUCE - COMO","3587","8","1434","6","53","24","584"
"2016","030913-00","OSPEDALE CA' GRANDA-NIGUARDA - MILANO","12938","31","4755","23","403","82","2196"
"2016","030078-00","PRESIDIO OSPEDALIERO DI VIMERCATE","5991","14","2623","10","138","12","1236"
"2016","030057-00","PRESIDIO OSPED. MACEDONIO MELLONI-MILANO","2554","9","214","0","6","0","1"
"2016","030154-00","PRESIDIO OSPEDALIERO DI CHIARI","3775","8","2057","6","105","11","836"
"2016","030026-00","OSPEDALE ERBA-  RENALDI - MENAGGIO","815","4","343","10","13","0","74"
"2016","030908-00","ISTITUTI OSPITALIERI - CREMONA","7574","26","3269","42","208","22","1378"
"2016","030163-00","PRESIDIO OSPEDALIERO DI ISEO","1612","8","864","8","39","0","273"
"2016","030227-00","PRESIDIO OSPEDALIERO - ASOLA","1574","3","229","1","17","0","2"
"2016","030029-00","OSP.SACRA FAMIGLIA - F.B.F. - ERBA","2635","0","1141","18","57","14","609"
"2016","030193-00","OSPEDALE CIVILE - VIGEVANO","2961","17","1486","17","68","17","672"
"2016","030006-00","OSP. S. ANTONIO ABATE - GALLARATE","5408","26","2448","6","145","10","1083"
"2016","030045-00","OSPEDALE CIVILE - MORBEGNO","222","0","140","0","4","0","1"
"2016","030184-00","OSPEDALE DI MANERBIO","3840","8","1764","9","58","12","832"
"2016","030071-00","OSPEDALE S. MARIA DELLE STELLE MELZO","2270","8","894","4","54","4","322"
"2016","030004-00","OSPEDALE DI CIRCOLO - BUSTO ARSIZIO","6265","8","2579","5","155","8","1204"
"2016","030259-00","CASA DI CURA S. CLEMENTE - MANTOVA","1053","0","519","4","8","5","296"
"2016","030379-00","HABILITA ISTITUTO CLINICO OSPEDALE DI SARNICO","335","0","129","3","3",,"0"
"2016","030176-00","CASA DI CURA S. ANNA - BRESCIA","4755","12","2348","11","105","20","1511"
"2016","030201-00","CASA DI CURA CITTADELLA SOCIALE","413","0","109","0","3","0","106"
"2016","030925-00","FONDAZ.IRCCS CA' GRANDA - OSPEDALE MAGGIORE POLICLINICO","14570","27","2863","20","150","27","1173"
"2016","030202-00","IST.DI CURA CITTA'DI PAVIA","1764","2","128","2","7","0","83"
"2016","030140-00","OSPEDALE BOLOGNINI - SERIATE","4330","9","2056","10","73","57","1061"
"2016","030923-00","FOND.IRCCS IST.NAZ.NEUROLOGICO C.BESTA","1999","1","214","0","11","5","204"
"2016","030911-00","ISTITUTO ORTOPEDICO GAETANO PINI","3471","13","1671","6","41","14","1517"
"2016","030239-00","OSP.CIVILE DESTRA SECCHIA-PIEVE CORIANO","2276","2","927","0","64","7","327"
"2016","030191-00","OSPEDALE S.MARTINO - MEDE","681","9","499","2","25","0","69"
"2016","030042-00","OSPEDALE CIVILE - SONDRIO","4345","7","1807","3","92","14","915"
"2016","030902-00","OSPEDALE S. ANNA - COMO","7048","16","2410","11","122","49","1313"
"2016","030080-00","OSPEDALE CIVICO ROSSI - CASALPUSTERLENGO","546","0","126","0","26","0","6"
"2016","030156-00","OSPEDALE DI DESENZANO","3931","15","1636","7","108","7","742"
"2016","030058-00","OSPEDALE BASSINI - CINISELLO BALSAMO","3607","11","1655","16","56","13","866"
"2016","030198-00","CASA DI CURA BEATO MATTEO","2294","8","1098","10","21","6","648"
"2016","030382-00","OSPEDALE M. O. ANTONIO LOCATELLI","1503","5","793","2","21","1","305"
"2016","030922-00","FOND.IRCCS  ISTIT.NAZ.LE TUMORI MILANO","6119","3","1148","3","109","8","648"
"2016","030357-00","OSP. SAN PELLEGRINO - CASTIGLIONE D/S","1710","11","1311","3","60","10","724"
"2016","030137-00","OSPEDALE SS.CAPITANIO E GEROSA - LOVERE","1173","5","756","2","31","1","342"
"2016","030068-00","PRESIDIO OSPEDALIERO DI DESIO","5130","8","2395","11","129","10","1002"
"2016","030389-00","PRESIDIO UNICO CAPITANIO -SAN CARLO","1806","0","369","0","4","1","347"
"2016","030906-00","PRES.OSPEDAL.SPEDALI CIVILI BRESCIA","16812","73","7981","51","668","73","3099"
"2016","030106-00","POLICLINICO DI MONZA - CASA DI CURA PRIV","3513","6","1171","0","31","6","763"
"2016","030194-00","OSPEDALE CIVILE - VOGHERA","3536","19","1821","12","111","8","653"
"2016","030209-00","OSPEDALE MAGGIORE - CREMA","5049","12","2326","11","166","7","1023"
"2016","030914-00","OSPEDALE S. PAOLO - MILANO","8012","13","2587","9","168","25","1114"
"2016","030192-00","OSPEDALE SS.ANNUNZIATA - VARZI","470","1","332","0","25","0","71"
"2016","030116-00","CLINICA SAN CARLO - PADERNO DUGNANO","2066","7","988","8","23","10","544"
"2016","030910-00","OSPEDALE FATEBENEFRATELLI E OFTALMICO","4204","44","1970","15","121","13","838"
"2016","030903-00","OSPEDALE DI CIRCOLO  A. MANZONI  - LECCO","7050","20","3371","15","179","35","1594"
"2016","030367-00","OSPEDALE S. GIUSEPPE - MILANO","4874","6","1032","13","36","6","513"
"2016","030295-00","POLIAMBULANZA - BRESCIA","10294","18","4470","8","229","17","2551"
"2016","030162-00","PRESIDIO OSPEDALIERO GARDONE V.T.","1592","15","1116","3","65","6","344"
"2016","030144-00","CASA DI CURA BEATO PALAZZOLO - BERGAMO","806","2","330","3","4","0","152"
"2016","030103-00","CASA DI CURA PALAZZOLO-FOND.DON GNOCCHI","480","3","190","4","6",,"0"
"2016","030938-00","FOND.MAUGERI-CENTRO MEDICO DI PAVIA","2702","4","980","3","68","1","561"
"2016","030067-00","OSPEDALE MAGGIORE - LODI","4514","14","2091","8","141","11","840"
"2016","030909-00","OSPEDALE S.GERARDO - MONZA","8453","25","3419","16","205","60","1741"
"2017","030282-02","OSPEDALE LUINI CONFALONIERI - LUINO","2698","8","1960","1","102","11","913"
"2017","030116-00","CLINICA SAN CARLO - PADERNO DUGNANO","5569","6","3039","25","193","49","1696"
"2017","030941-00","ISTITUTO EUROPEO DI ONCOLOGIA-MILANO","17753","4","2786","5","502","30","1859"
"2017","030274-01","OSPEDALE VALCAMONICA - ESINE","9864","78","7868","60","770","80","2897"
"2017","030035-00","C.O.F. LANZO HOSPITAL S.P.A.","3485","0","892","0","13","0","859"
"2017","030903-00","OSPEDALE DI CIRCOLO  A. MANZONI  - LECCO","20806","46","10007","38","973","166","4711"
"2017","030112-00","IST.CLINICO S.AMBROGIO SPA-MILANO","6693","24","3559","13","306","78","2812"
"2017","030042-00","OSPEDALE CIVILE - SONDRIO","12100","23","5433","23","494","62","2595"
"2017","030148-00","POLICLINICO SAN PIETRO S.P.A.","15937","35","5411","81","354","33","2693"
"2017","030103-00","CASA DI CURA PALAZZOLO-FOND.DON GNOCCHI","1606","10","772","23","51",,"0"
"2017","030022-00","OSPEDALE S. ANTONIO ABATE - CANTU'","5983","11","2102","14","121","13","845"
"2017","030184-00","OSPEDALE DI MANERBIO","11751","27","5475","35","449","58","2637"
"2017","030176-00","CASA DI CURA S. ANNA - BRESCIA","14055","32","7107","21","670","68","4513"
"2017","030914-00","OSPEDALE S. PAOLO - MILANO","22507","86","8361","52","1094","95","3172"
"2017","030295-00","POLIAMBULANZA - BRESCIA","32049","40","14754","21","1419","106","8515"
"2017","030203-00","OSPEDALE ASILO VITTORIA - MORTARA","2618","8","1263","4","141","0","139"
"2017","030355-00","OSPEDALE DI SUZZARA S.P.A.","7170","9","2227","12","96","3","1233"
"2017","030017-00","CASA DI CURA MATER DOMINI - CASTELLANZA","9086","5","4881","19","361","18","3074"
"2017","030936-03",,"5193","0","1423","1","60","7","1355"
"2017","030912-00","P.O. CENTRO TRAUMATOLOGICO ORTOPEDICO","3501","10","1433","9","48","7","1160"
"2017","030936-01","IST.AUXOLOGICO ITALIANO-I.S. S.LUCA-MI","4208","13","1917","16","156","12","498"
"2017","030157-00","OSPEDALE CIVILE LA MEMORIA DI GAVARDO","6738","17","3741","23","365","29","1473"
"2017","030143-00","CLINICHE GAVAZZENI SPA - BERGAMO","15401","6","6970","21","523","89","4834"
"2017","030163-00","PRESIDIO OSPEDALIERO DI ISEO","4803","32","2489","22","203","1","804"
"2017","030137-00","OSPEDALE SS.CAPITANIO E GEROSA - LOVERE","3427","10","2220","7","156","2","1075"
"2017","030138-00","OSPEDALE SS.TRINITA'-ROMANO DI LOMBARDIA","4737","26","3336","7","222","9","1511"
"2017","030071-01",,"6670","6","2539","5","153","16","1113"
"2017","030167-00","OSPEDALE DEI BAMBINI UMBERTO I - BRESCIA","9447","5","815","0","24","0","411"
"2017","030913-00","OSPEDALE CA' GRANDA-NIGUARDA - MILANO","38298","88","14127","124","1774","234","6531"
"2017","030193-00","OSPEDALE CIVILE - VIGEVANO","8775","87","4364","40","350","46","1836"
"2017","030938-00","FOND.MAUGERI-CENTRO MEDICO DI PAVIA","7722","22","2822","8","186","6","1737"
"2017","030156-00","OSPEDALE DI DESENZANO","11119","51","5211","19","594","48","2503"
"2017","030056-00","PRESIDIO OSPED. V. BUZZI - MILANO","14073","1","214","0","12","2","165"
"2017","030131-00","OSPEDALE DI TREVIGLIO E CARAVAGGIO","12829","68","6493","27","654","73","3321"
"2017","030908-00","ISTITUTI OSPITALIERI - CREMONA","22225","69","9971","133","1103","109","4428"
